OBJECT_NAME,OBJECT_ID,EPOCH,x,y,z,Cluster,Density
COSMOS 2251,1993-036A,2024-10-05T17:43:14.510496,-5872.27655666161,-1555.3713533335613,3773.821643404338,9,-27.72935388331569
COSMOS 2251 DEB,1993-036E,2024-10-05T20:27:36.884736,2874.6358553622413,3647.5672082788255,5449.2968568667475,-1,-27.954472805170766
COSMOS 2251 DEB,1993-036F,2024-10-06T04:01:52.766112,-4209.968541326366,5731.359319033173,-135.16587458598875,-1,-28.686027616789445
COSMOS 2251 DEB,1993-036G,2024-10-06T01:28:48.384768,5049.810266965847,-3867.1913155787242,-2896.860439054548,0,-27.931761838223714
COSMOS 2251 DEB,1993-036H,2024-10-05T22:35:33.508320,7132.489079026581,-711.546127541351,112.99206649297903,-1,-28.188757147983466
COSMOS 2251 DEB,1993-036J,2024-10-05T22:24:44.792928,4491.0697901921785,-556.6243129894855,5517.739098193735,-1,-27.88591984849257
COSMOS 2251 DEB,1993-036K,2024-10-05T17:11:59.847360,6029.311679215584,2930.005918718939,2541.203963153623,1,-27.982048059268436
COSMOS 2251 DEB,1993-036M,2024-10-05T16:29:17.600928,-6922.352834333726,798.0483087060184,-1644.9746320844142,-1,-28.5070321433304
COSMOS 2251 DEB,1993-036N,2024-10-06T03:41:58.613568,2392.384694071439,-3444.703179258539,-5667.921685773629,2,-27.853570808170836
COSMOS 2251 DEB,1993-036P,2024-10-05T20:38:00.706560,2745.829669391982,2704.304354410327,-6029.145394169635,2,-27.7752809433032
COSMOS 2251 DEB,1993-036R,2024-10-05T21:39:55.878912,4758.207919691549,2971.315762558585,-5145.175857426052,-1,-28.503138458429767
COSMOS 2251 DEB,1993-036U,2024-10-06T02:58:10.520832,2088.0252566506815,-711.0601624012457,6705.894621731726,3,-27.439934912507333
COSMOS 2251 DEB,1993-036X,2024-10-05T16:26:27.134592,-6206.498931940742,-507.0173332570369,-3484.162371317326,6,-27.996597423282765
COSMOS 2251 DEB,1993-036Z,2024-10-05T12:48:15.755616,-5000.12391931359,3237.550706481603,3641.354551296909,-1,-28.345139139440384
COSMOS 2251 DEB,1993-036AA,2024-10-05T19:43:16.791168,5474.505652326655,1184.7497927028455,-4307.814681996774,4,-27.959363770594216
COSMOS 2251 DEB,1993-036AE,2024-10-05T23:21:08.697312,-2327.6050518105967,4503.5354101833445,5274.332472208524,-1,-27.799557195721768
COSMOS 2251 DEB,1993-036AG,2024-10-05T21:09:55.218240,2168.098717084768,-236.2861711114565,-6826.687224357295,2,-27.30171157710039
COSMOS 2251 DEB,1993-036AH,2024-10-05T13:10:35.711616,-3004.2848736748147,4849.878124642655,4436.925661773758,5,-27.77792664906992
COSMOS 2251 DEB,1993-036AJ,2024-10-05T21:50:50.312256,-5290.645063202954,-4298.743134955593,2248.7402945133513,15,-27.9528707116624
COSMOS 2251 DEB,1993-036AL,2024-10-06T03:45:34.593696,-1478.5505622502233,1249.5151864287448,-6762.058901711825,6,-27.01772306979558
COSMOS 2251 DEB,1993-036AN,2024-10-05T20:40:28.659648,-2192.146538624389,4354.378362901952,-5094.914177995839,-1,-28.086469537264612
COSMOS 2251 DEB,1993-036AP,2024-10-06T02:40:50.811744,-1796.8038414324783,-3666.8735208290095,5761.447048663925,-1,-28.056669222695362
COSMOS 2251 DEB,1993-036AQ,2024-10-05T20:42:43.723584,-6159.2633472090065,-3005.6998509452005,1610.7010383913578,-1,-27.9057593708239
COSMOS 2251 DEB,1993-036AW,2024-10-05T17:09:17.709984,4478.34801661554,5378.156070604885,-792.1910853256643,-1,-28.603269617887754
COSMOS 2251 DEB,1993-036BC,2024-10-05T20:27:29.880288,2378.374310549304,-6064.984244950975,-2536.029960599395,-1,-28.282130906225355
COSMOS 2251 DEB,1993-036BE,2024-10-05T18:35:14.411904,2073.553997879638,-5655.018940979254,-3422.4161242295645,-1,-28.137131955085643
COSMOS 2251 DEB,1993-036BG,2024-10-05T12:17:30.357888,-2680.3442752268397,4075.4827442823002,5064.541434927292,5,-27.768412011104857
COSMOS 2251 DEB,1993-036BH,2024-10-05T22:36:55.737792,-3887.498248159967,5811.541053666749,2809.098862566308,-1,-28.493837180109935
COSMOS 2251 DEB,1993-036BJ,2024-10-05T19:58:49.418688,-1156.5618483459868,1655.7287995891193,-6621.210534016606,6,-27.015580981909416
COSMOS 2251 DEB,1993-036BK,2024-10-05T11:49:58.592064,2622.867005316332,-4165.641523945884,-5001.948807415969,-1,-28.09078190993388
COSMOS 2251 DEB,1993-036BL,2024-10-05T18:40:08.702400,-515.0530835479326,-6949.2464675994315,-1725.8198226533848,-1,-28.578462981686705
COSMOS 2251 DEB,1993-036BN,2024-10-05T21:14:13.469568,-3097.7969042707855,4254.2305341751,4434.513348632522,5,-27.827217545217195
COSMOS 2251 DEB,1993-036BP,2024-10-05T07:44:39.476832,4585.321987764048,5021.848625063968,2698.5326144963465,7,-27.897703393477656
COSMOS 2251 DEB,1993-036BQ,2024-10-05T20:25:34.296960,4417.827482898171,2060.6687544874535,-5600.891018915102,-1,-28.225655796149006
COSMOS 2251 DEB,1993-036BR,2024-10-06T03:21:12.669408,177.16153280604425,-2511.3356727469536,6381.882093701888,3,-27.478171609075794
COSMOS 2251 DEB,1993-036BS,2024-10-05T21:13:51.286368,5479.63065923327,-3125.868602800804,-3048.5632263000434,-1,-28.0740628045029
COSMOS 2251 DEB,1993-036BT,2024-10-05T21:06:35.254944,5155.253156929103,-4959.031922747091,248.82765269701173,-1,-29.1868977742841
COSMOS 2251 DEB,1993-036BV,2024-10-05T20:21:42.877152,-3606.797048882343,4541.930685468071,4108.10758111754,5,-27.93650614836924
COSMOS 2251 DEB,1993-036BX,2024-10-05T15:04:16.685760,-2428.6046015604948,-1529.8005050276624,-6404.990072495709,6,-27.49268811218314
COSMOS 2251 DEB,1993-036BZ,2024-10-05T11:58:31.923840,-2741.9968960064903,5151.423038778701,4017.653047377726,5,-27.754403673624864
COSMOS 2251 DEB,1993-036CB,2024-10-05T11:50:07.917216,1412.4237745795674,-2028.120021613184,6483.390578934942,3,-27.386147487242198
COSMOS 2251 DEB,1993-036CC,2024-10-05T20:44:52.662624,-6416.267810930671,-2239.84553094841,-1871.872146268198,-1,-28.461286192225238
COSMOS 2251 DEB,1993-036CD,2024-10-05T13:51:10.416960,2764.6080442692128,3057.465765007093,5698.489373652867,-1,-27.728171643328835
COSMOS 2251 DEB,1993-036CE,2024-10-05T22:03:48.658752,-5404.322299883072,4109.901808349178,-2172.9934219605243,-1,-28.386210378947332
COSMOS 2251 DEB,1993-036CF,2024-10-06T03:21:37.207872,-2060.5163287521427,399.3700957093615,-6826.343195088093,6,-27.091788291115762
COSMOS 2251 DEB,1993-036CG,2024-10-05T20:53:26.016864,1357.7314658843525,1387.2683328930725,6783.199967611683,3,-27.32674117015455
COSMOS 2251 DEB,1993-036CJ,2024-10-06T04:38:24.462816,7094.6892481668165,-963.0969902398339,-263.7771852311161,-1,-28.166008949238332
COSMOS 2251 DEB,1993-036CK,2024-10-05T20:20:52.271808,2242.069128592933,-5797.536690712686,-3577.4632897223896,-1,-28.14176147672032
COSMOS 2251 DEB,1993-036CL,2024-10-06T01:52:30.261792,4660.194959519968,4635.352943258899,2116.6457111381824,7,-27.927611672298227
COSMOS 2251 DEB,1993-036CM,2024-10-05T21:17:43.204704,3964.362284238011,-4616.006360737544,-3737.2508058998415,-1,-28.346596368332534
COSMOS 2251 DEB,1993-036CR,2024-10-06T05:06:23.272704,-424.13227817146367,5154.153447418684,4962.879736886339,8,-27.963781944437557
COSMOS 2251 DEB,1993-036CT,2024-10-05T17:11:02.919264,-2368.0600747289236,1208.0542732192011,6465.700683542152,3,-27.639353987210207
COSMOS 2251 DEB,1993-036CV,2024-10-05T18:45:46.141056,-4131.104222811748,2383.774568735136,-5306.11121704674,-1,-27.957224490517213
COSMOS 2251 DEB,1993-036CX,2024-10-05T10:43:05.076192,3906.1246772183476,-4869.159048086334,4639.1830429980955,-1,-28.164210875286777
COSMOS 2251 DEB,1993-036CZ,2024-10-05T20:57:26.654688,5424.178099340544,4697.590986787147,-523.4038616796909,-1,-28.965405922708023
COSMOS 2251 DEB,1993-036DC,2024-10-05T18:54:12.216096,-5969.554542722978,-1746.8490290461218,3308.121909086524,9,-27.644667976962303
COSMOS 2251 DEB,1993-036DD,2024-10-05T21:23:40.625952,2118.0347792218427,-773.2123591933073,-6730.942490548148,2,-27.258972541887324
COSMOS 2251 DEB,1993-036DE,2024-10-05T22:37:26.327712,-4722.845553945407,-1903.5238180264923,-4841.474501890584,-1,-28.113000506839064
COSMOS 2251 DEB,1993-036DJ,2024-10-05T18:45:44.533152,3393.1466006930445,4031.655201590676,4790.895235283439,-1,-27.978669357062003
COSMOS 2251 DEB,1993-036DK,2024-10-05T17:47:54.368736,3470.526217047371,2239.35163838421,-5808.600719824257,2,-27.948416548408765
COSMOS 2251 DEB,1993-036DL,2024-10-04T14:53:15.931392,87.63436664583091,-7034.530845696593,1513.693626403176,-1,-28.364661619167435
COSMOS 2251 DEB,1993-036DM,2024-10-05T22:17:55.550688,3207.868010149133,5793.634771313041,3365.747293167361,-1,-28.219007670861252
COSMOS 2251 DEB,1993-036DQ,2024-10-06T04:30:57.885408,-158.27608306394097,6956.517294906806,1338.7328402490298,10,-28.147329003906336
COSMOS 2251 DEB,1993-036DR,2024-10-05T06:24:30.681792,-76.92821404253114,6014.431525316225,3782.1038443303105,11,-27.8164298695701
COSMOS 2251 DEB,1993-036DS,2024-10-06T01:43:21.305568,-1183.557419049766,-5366.493662756578,-4585.681121810508,-1,-28.505438978070217
COSMOS 2251 DEB,1993-036DT,2024-10-05T19:27:18.179712,2847.4172799844214,2235.323718500289,6622.717719807276,3,-27.47851778685048
COSMOS 2251 DEB,1993-036DU,2024-10-05T19:15:23.873760,2030.6620668177495,-6858.765148679622,-795.5081235490683,12,-28.0681808686766
COSMOS 2251 DEB,1993-036DV,2024-10-05T19:06:36.216000,-3542.750598176923,181.13658173251056,6743.572833180721,3,-27.99203948810611
COSMOS 2251 DEB,1993-036DW,2024-10-05T23:49:57.369504,-1659.505703399735,-1480.6703020380914,7244.449572781031,3,-28.136777311152137
COSMOS 2251 DEB,1993-036DY,2024-10-05T20:42:49.266144,-608.4353740296734,2118.3787517699375,6577.997394270224,3,-27.404802032829963
COSMOS 2251 DEB,1993-036DZ,2024-10-06T00:54:03.547584,-411.7996541950486,2052.830178929151,6774.686859061715,3,-27.40964151857535
COSMOS 2251 DEB,1993-036EB,2024-10-05T23:52:16.215168,-3644.5760317761187,-6021.386459012621,1033.9558444256807,-1,-28.8470122384907
COSMOS 2251 DEB,1993-036ED,2024-10-05T15:51:03.653280,1389.87709127218,5943.905700764401,-4666.080636772319,-1,-28.73030569253558
COSMOS 2251 DEB,1993-036EH,2024-10-05T21:56:00.407904,-5872.004969692807,4105.84438955381,-9.705426718250225,-1,-28.50299606841392
COSMOS 2251 DEB,1993-036EK,2024-10-05T20:54:02.835360,-3648.7769450023056,-3735.189714119519,4660.251668672058,-1,-28.418843444873815
COSMOS 2251 DEB,1993-036EL,2024-10-05T21:18:16.185312,1932.5345403584986,-106.08076552792095,-6610.526299464902,2,-27.32006843526335
COSMOS 2251 DEB,1993-036EM,2024-10-05T17:32:23.899488,-5396.0373123261425,-4074.393766928674,-2252.018550446781,-1,-28.49857211574679
COSMOS 2251 DEB,1993-036EN,2024-10-05T17:07:56.298720,1602.532492659282,1118.5164586215465,-6847.394592432248,2,-27.34573486443636
COSMOS 2251 DEB,1993-036EP,2024-10-05T20:22:52.112928,-6615.203049125253,-2543.296947122984,200.41675998349007,13,-27.951932807249186
COSMOS 2251 DEB,1993-036EQ,2024-10-06T02:00:21.691296,1324.2700931475613,-6748.036216301806,634.2679097735124,-1,-28.168946449877218
COSMOS 2251 DEB,1993-036ER,2024-10-05T20:56:48.086592,3508.3597950341855,-614.813056929322,-6155.445006990272,2,-27.560337502982087
COSMOS 2251 DEB,1993-036ET,2024-10-05T18:52:34.921056,759.5659067939167,2978.631598043304,6407.113994206227,3,-27.42158546213976
COSMOS 2251 DEB,1993-036EU,2024-10-05T21:01:06.382848,-720.7464303195131,1891.430196620525,-6759.5545300699005,6,-27.07607669751556
COSMOS 2251 DEB,1993-036EV,2024-10-05T22:43:18.208992,-1375.7816697109884,1569.5779554056558,-6796.705562279629,6,-27.01065969571755
COSMOS 2251 DEB,1993-036EX,2024-10-05T16:21:04.299264,-5619.714479600968,-275.74169422909955,-4396.717611864857,6,-27.732250031675058
COSMOS 2251 DEB,1993-036EZ,2024-10-05T17:47:42.767808,73.83288561864835,-2074.47274985536,-6777.258840567852,6,-27.411934384645157
COSMOS 2251 DEB,1993-036FA,2024-10-05T17:34:20.214624,-6780.309316929051,-2233.136646967629,-304.44328703672363,13,-28.053056382619665
COSMOS 2251 DEB,1993-036FD,2024-10-05T23:22:00.894144,6291.501042802686,2627.241571152268,2221.3152995450837,1,-28.118288761691637
COSMOS 2251 DEB,1993-036FE,2024-10-05T21:45:07.896960,-6329.703675300546,3041.463952526981,-1249.710879115546,-1,-28.272117414540375
COSMOS 2251 DEB,1993-036FF,2024-10-05T09:48:57.663072,867.1643252312026,7024.2972472233305,-63.34523268275719,-1,-28.31055351573152
COSMOS 2251 DEB,1993-036FG,2024-10-05T20:14:05.690688,-2157.3282318810225,-2198.6296449028473,6386.858701722808,17,-27.790538176442084
COSMOS 2251 DEB,1993-036FJ,2024-10-05T23:52:17.824800,3805.4167852457545,-6289.981276440724,882.3961988921309,-1,-29.142408587601132
COSMOS 2251 DEB,1993-036FP,2024-10-05T20:02:15.968256,5498.970894370736,-3002.3556574984564,3326.1543876648725,14,-28.101249402024415
COSMOS 2251 DEB,1993-036FR,2024-10-05T18:14:22.795584,-536.1513629312637,-4871.04155869092,5154.98461103822,-1,-28.1831077533013
COSMOS 2251 DEB,1993-036FS,2024-10-05T16:21:15.503616,-3755.8536636702174,-3001.9102708466544,-5262.064721781442,18,-28.079792653446468
COSMOS 2251 DEB,1993-036FT,2024-10-06T04:47:50.178048,-1721.482704146132,-1557.4161848132464,6663.512073152444,3,-27.90153034799262
COSMOS 2251 DEB,1993-036FV,2024-10-06T01:31:56.848224,-1714.397295155536,1378.317297007775,6792.017383298901,3,-27.574019813997317
COSMOS 2251 DEB,1993-036FY,2024-10-06T03:59:50.134272,-1356.314990011655,1527.4561441018839,-6605.59975605675,6,-27.001601734025776
COSMOS 2251 DEB,1993-036FZ,2024-10-05T16:56:23.024256,1661.9537414992365,7551.396569734267,671.7746612082824,-1,-28.320752964966537
COSMOS 2251 DEB,1993-036GB,2024-10-05T22:06:08.305344,-842.2700025970778,-6782.755930446488,1949.6930111224196,-1,-28.374486476852184
COSMOS 2251 DEB,1993-036GD,2024-10-05T17:17:55.625280,1915.062926070988,-1340.9348874089453,6728.876781762749,3,-27.448809162249432
COSMOS 2251 DEB,1993-036GE,2024-10-05T19:33:18.714816,2358.1478377289754,-1583.5379970430265,6618.045833544336,3,-27.596915152470324
COSMOS 2251 DEB,1993-036GJ,2024-10-05T09:04:40.568448,6441.309404020276,1141.274156761674,2499.027987449424,22,-28.28658643303593
COSMOS 2251 DEB,1993-036GK,2024-10-05T13:31:36.194304,3528.8498429439423,2882.7932146561116,5080.690222153087,-1,-27.768329493079328
COSMOS 2251 DEB,1993-036GL,2024-10-05T15:23:40.328736,2890.9832950416717,1592.6358758629644,6342.82676976988,3,-27.267201580064956
COSMOS 2251 DEB,1993-036GN,2024-10-05T11:22:45.532704,-2991.9172680383767,6221.411405919636,-2093.5913612252184,-1,-28.89793158542728
COSMOS 2251 DEB,1993-036GP,2024-10-05T20:37:32.903040,1739.9296409374374,-1098.0023064737977,-6840.129415127848,2,-27.279114590670005
COSMOS 2251 DEB,1993-036GQ,2024-10-06T02:28:15.775104,-754.5816503503818,5450.5569981353665,4520.5341234127,8,-27.90038068634486
COSMOS 2251 DEB,1993-036GR,2024-10-06T01:34:36.912000,1729.305262722026,-4598.41269736415,5045.987154272662,24,-27.719791132621125
COSMOS 2251 DEB,1993-036GS,2024-10-05T19:51:49.049856,-975.8239190540461,-4961.395425950511,4987.95007700953,-1,-28.28441488465461
COSMOS 2251 DEB,1993-036GT,2024-10-05T17:34:04.634976,3372.544351369646,449.1373205447965,-6325.083544638749,2,-27.510872659772197
COSMOS 2251 DEB,1993-036GU,2024-10-05T19:09:11.082816,1524.9991314463944,-1253.5670874272735,-6876.398723573462,2,-27.300192755575132
COSMOS 2251 DEB,1993-036GV,2024-10-05T17:38:33.835776,2406.4875354957176,5189.811102350001,-4055.2131202921432,-1,-28.6118462027854
COSMOS 2251 DEB,1993-036GW,2024-10-05T10:32:42.548640,1619.6883233837561,-1124.6024043860655,-6848.058592509267,2,-27.29158168786492
COSMOS 2251 DEB,1993-036GZ,2024-10-05T19:04:00.431616,-1229.443592368245,1512.6879249646192,6803.523219769476,3,-27.545059306464644
COSMOS 2251 DEB,1993-036HA,2024-10-05T12:29:55.246848,872.6267225473533,-4386.62097994731,5485.8641299113215,3,-27.696172360731765
COSMOS 2251 DEB,1993-036HD,2024-10-05T23:33:20.297088,264.2074444212748,5214.286176099748,-5181.671284526032,-1,-28.35217189592509
COSMOS 2251 DEB,1993-036HE,2024-10-05T16:41:04.119648,-2869.4260753289664,979.3009620134729,6444.649378038148,3,-27.730457708858644
COSMOS 2251 DEB,1993-036HG,2024-10-06T02:54:31.705920,-4895.102670350356,-4776.446162448067,1956.8759400000008,15,-28.050854667731286
COSMOS 2251 DEB,1993-036HH,2024-10-05T14:51:53.548992,-6938.0501001297425,1634.8839732726494,-221.18261316127519,-1,-28.782662269070507
COSMOS 2251 DEB,1993-036HJ,2024-10-05T22:04:30.574848,-2465.9386778247895,3316.722837228119,5806.918761293544,16,-27.667274210345944
COSMOS 2251 DEB,1993-036HK,2024-10-05T18:35:44.601792,186.74520188883739,2278.877289956051,6777.491382074367,3,-27.34134386971781
COSMOS 2251 DEB,1993-036HM,2024-10-05T21:25:55.923168,5824.803922920596,-1253.0948476826127,4653.456111799877,-1,-28.219902176571246
COSMOS 2251 DEB,1993-036HP,2024-10-05T19:04:43.001760,2492.777462711603,-7468.459728600633,-429.6871575436932,-1,-28.407609503753882
COSMOS 2251 DEB,1993-036HS,2024-10-05T17:12:08.100288,-2095.8027261325433,-5370.272065652816,4118.689027437851,-1,-28.48441793297674
COSMOS 2251 DEB,1993-036HT,2024-10-05T14:06:18.592416,905.7349478460171,2795.3592650996097,-6343.21163204648,2,-27.268992327300026
COSMOS 2251 DEB,1993-036HU,2024-10-06T01:37:24.104640,1920.202192216174,-304.3835659037961,6712.3617827802955,3,-27.44616856247511
COSMOS 2251 DEB,1993-036HW,2024-10-05T15:32:06.675936,-1177.3199891337313,3029.1279475842657,6354.096045278198,16,-27.489827136954617
COSMOS 2251 DEB,1993-036HX,2024-10-06T02:14:16.332576,-1653.970037609008,6732.243139883982,-1388.5213588798806,-1,-28.79911937341032
COSMOS 2251 DEB,1993-036HY,2024-10-05T20:35:11.340960,2879.5332396075946,-1340.3662687099384,-6386.764827313791,2,-27.42269297342184
COSMOS 2251 DEB,1993-036JB,2024-10-05T20:13:23.783232,-3208.2667092629817,-1888.528474507024,6094.678332658869,17,-27.8532521012677
COSMOS 2251 DEB,1993-036JG,2024-10-05T20:19:54.713856,176.59774489545595,2161.4065684944294,6827.059664674393,3,-27.353382782116455
COSMOS 2251 DEB,1993-036JH,2024-10-05T22:27:15.669792,-1253.1856989644891,6401.6485714774435,2917.4416603075856,11,-28.009114858822628
COSMOS 2251 DEB,1993-036JM,2024-10-06T02:18:48.422592,-6043.178494441869,-3743.061207086159,-645.8800827486845,33,-28.134455600123452
COSMOS 2251 DEB,1993-036JQ,2024-10-05T20:21:43.183008,-4490.729795859066,-4685.5510670653375,3226.1891829735614,-1,-28.02258352011407
COSMOS 2251 DEB,1993-036JR,2024-10-05T13:31:49.156896,-4457.649530587477,-3520.184558073996,-4047.483025549527,-1,-28.556045744827763
COSMOS 2251 DEB,1993-036JT,2024-10-05T23:42:58.173120,-4583.855750560958,5052.05767066078,2407.140879305067,-1,-28.477374683683735
COSMOS 2251 DEB,1993-036JU,2024-10-05T13:16:00.863328,2226.8288106399227,869.0101944484867,-6573.041583314652,2,-27.32599285352817
COSMOS 2251 DEB,1993-036JV,2024-10-06T02:45:00.608832,-6772.083188148916,3113.561434487045,-1190.423401514131,-1,-28.4399611494469
COSMOS 2251 DEB,1993-036JW,2024-10-05T18:42:20.299968,-409.4041126325144,6761.139835191185,2141.459204942245,-1,-28.065743469618226
COSMOS 2251 DEB,1993-036JY,2024-10-05T22:17:11.325120,2262.8346879041355,1236.2700749726134,6652.7329594999055,3,-27.245467118739242
COSMOS 2251 DEB,1993-036JZ,2024-10-05T16:43:10.763040,-2208.274560254415,-1055.3499781960074,-6706.943384075621,6,-27.348604827567122
COSMOS 2251 DEB,1993-036KB,2024-10-05T22:05:36.180960,3414.548384582064,1237.744237999215,6141.644065683682,3,-27.32065447701696
COSMOS 2251 DEB,1993-036KC,2024-10-05T12:41:59.181216,-4550.6558596210525,520.2365116737798,-5482.838900352937,6,-27.44095111771378
COSMOS 2251 DEB,1993-036KH,2024-10-04T15:55:52.987008,-3759.2156281683597,-2671.073198362529,-5385.080017607544,18,-27.986668532379824
COSMOS 2251 DEB,1993-036KK,2024-10-05T19:54:59.337216,5250.264665436472,-4176.869558955212,-2311.085569477808,0,-27.989837748669274
COSMOS 2251 DEB,1993-036KL,2024-10-05T15:43:52.701312,6967.0487235244855,744.8149828588782,-564.468999665356,21,-28.005023465490893
COSMOS 2251 DEB,1993-036KM,2024-10-05T03:02:00.991104,-1792.136177243775,5071.248518151196,-4665.940438921565,-1,-28.28053842984837
COSMOS 2251 DEB,1993-036KN,2024-10-05T16:42:40.677696,2800.5977406209804,6218.477014165474,2231.744053045558,-1,-28.08719052669563
COSMOS 2251 DEB,1993-036KP,2024-10-05T18:59:29.406048,-5155.89539526829,-1413.7268553522665,4656.096913306581,19,-27.929128149727497
COSMOS 2251 DEB,1993-036KR,2024-10-05T16:50:30.535584,-2524.0031338697586,-6608.2042355937165,2151.1564039064865,-1,-28.603534985001566
COSMOS 2251 DEB,1993-036KS,2024-10-05T23:55:35.897664,1181.0500931718632,2180.5722987437252,-7011.82652672962,2,-27.25294354860045
COSMOS 2251 DEB,1993-036KT,2024-10-06T02:25:13.318176,4788.142992937934,3040.301050198007,4240.276567665798,20,-27.784640189041895
COSMOS 2251 DEB,1993-036KU,2024-10-05T13:31:10.593984,-1014.9163605752714,-5973.116979643202,2986.19569050602,-1,-28.4794893884727
COSMOS 2251 DEB,1993-036KX,2024-10-05T19:54:27.350208,-4837.361442446012,2103.501118070538,4458.931606296689,-1,-28.36474806093228
COSMOS 2251 DEB,1993-036KY,2024-10-05T23:44:42.833760,-2146.134856686923,5710.709575009911,3644.0136255156635,5,-27.834113793567873
COSMOS 2251 DEB,1993-036KZ,2024-10-05T21:20:00.375936,1892.773366850804,6189.967798875505,-2667.2109232506123,-1,-28.6210169798561
COSMOS 2251 DEB,1993-036LA,2024-10-05T21:04:48.733248,2176.395426699134,-2822.015961759684,-6075.961968206523,2,-27.641036954303985
COSMOS 2251 DEB,1993-036LH,2024-10-05T19:26:32.874144,-6409.477387697476,1618.502516466634,-2299.142380556045,-1,-28.189245877135278
COSMOS 2251 DEB,1993-036LL,2024-10-06T03:56:36.222432,-6899.914122769218,1233.7617469529778,947.2536740104491,-1,-28.794152620552815
COSMOS 2251 DEB,1993-036LN,2024-10-05T22:38:51.355680,-784.006120873401,4940.37052892165,-5038.541785805178,-1,-28.17534697832002
COSMOS 2251 DEB,1993-036LP,2024-10-06T01:32:38.683104,6109.750287765839,-2882.0013579101446,833.1797407352869,-1,-28.395009856279053
COSMOS 2251 DEB,1993-036LQ,2024-10-05T17:43:19.791264,-200.61021490798785,-3481.4857378675283,-6143.81875290421,23,-27.80602175207484
COSMOS 2251 DEB,1993-036LR,2024-10-05T20:03:37.522944,-2781.5954807296253,411.67495973266745,-6523.522797217025,6,-27.140329153578755
COSMOS 2251 DEB,1993-036LT,2024-10-06T03:13:35.154624,-6440.081784656282,-1801.1557255338812,2323.2442773771118,9,-27.75901761740367
COSMOS 2251 DEB,1993-036LU,2024-10-05T18:24:13.968576,5388.159517411472,-1586.7599678155468,4298.663945384696,-1,-28.098129026720642
COSMOS 2251 DEB,1993-036LV,2024-10-06T02:27:38.102976,6694.677630642071,-1932.0709267304528,-626.8978616268041,-1,-28.188924786678776
COSMOS 2251 DEB,1993-036LW,2024-10-06T04:31:42.862656,7066.560058623141,329.2653764244184,602.5025574698997,-1,-28.1832496717132
COSMOS 2251 DEB,1993-036MT,2024-10-05T23:57:31.550112,2756.65166318189,1688.9150945620122,6375.252622217694,3,-27.267539688898765
COSMOS 2251 DEB,1993-036MV,2024-10-05T21:43:24.100320,5522.5542637498465,-3921.2736287139655,2068.57306096459,-1,-28.500718858912826
COSMOS 2251 DEB,1993-036MW,2024-10-06T04:07:38.201088,6940.19709656963,1087.9988912739257,-171.06989359183288,21,-28.021970237281288
COSMOS 2251 DEB,1993-036MX,2024-10-05T11:51:37.672992,-3117.620575435458,4900.810709588876,-4046.784574543371,-1,-28.79845467707183
COSMOS 2251 DEB,1993-036MY,2024-10-05T21:22:15.236832,6721.983979130389,814.4352145310736,2111.7767577206805,22,-28.23698147266196
COSMOS 2251 DEB,1993-036MZ,2024-10-05T15:39:14.233248,4315.821849784062,3237.6280719547344,4758.742627128514,20,-27.80520515973707
COSMOS 2251 DEB,1993-036NA,2024-10-05T12:35:11.990976,-6600.300258480718,-1163.039897912759,-2575.1071447285863,-1,-28.50164958751037
COSMOS 2251 DEB,1993-036ND,2024-10-05T18:53:31.191648,-847.8599568235836,6462.071551076979,3225.4038871889775,11,-27.900733224563446
COSMOS 2251 DEB,1993-036NK,2024-10-05T22:50:25.674720,2206.252363442411,-2210.650022918839,-6300.595483124437,2,-27.438797164205667
COSMOS 2251 DEB,1993-036NL,2024-10-05T22:09:20.253312,7053.140802130557,-677.3887899034222,-1680.7962649783756,-1,-28.189051219988635
COSMOS 2251 DEB,1993-036NN,2024-10-05T13:17:33.871200,2537.8894215986106,-6544.073642282876,-569.3408821309512,12,-28.270817064478535
COSMOS 2251 DEB,1993-036NP,2024-10-05T17:25:38.846784,821.6461491698162,2546.476226680245,6641.648166872714,3,-27.32071437480876
COSMOS 2251 DEB,1993-036NT,2024-10-05T16:55:23.791008,2761.71226327817,6543.909823026029,-352.15525607367147,-1,-28.355422829624395
COSMOS 2251 DEB,1993-036NV,2024-10-06T03:53:34.694304,3125.901080304329,6342.440486806179,-936.1231375222342,-1,-28.457173728696546
COSMOS 2251 DEB,1993-036NX,2024-10-05T21:50:09.998016,-3717.9408141539907,-2075.322324270345,-5735.555004275774,18,-27.882554946807474
COSMOS 2251 DEB,1993-036NZ,2024-10-05T13:00:32.181696,4551.243837812086,-4124.6507523359305,3455.4580597255494,-1,-28.188560556688678
COSMOS 2251 DEB,1993-036PC,2024-10-05T19:48:15.157152,3395.440856842961,6036.9488760816885,339.9976560586633,-1,-28.289226390471477
COSMOS 2251 DEB,1993-036PD,2024-10-06T00:44:11.192640,-5684.252377681014,3687.490128535443,842.605934509021,34,-28.43058764403964
COSMOS 2251 DEB,1993-036PN,2024-10-05T20:50:39.993216,1949.194067214236,747.5086264065094,6968.449401540909,3,-27.385289085107715
COSMOS 2251 DEB,1993-036PQ,2024-10-05T13:12:34.013952,2648.6793348890674,-146.5172266112563,6382.097242274393,3,-27.402070365812847
COSMOS 2251 DEB,1993-036PR,2024-10-06T05:22:34.159872,-6602.565075230929,-2583.972653473239,160.52841026182597,13,-27.954062723061526
COSMOS 2251 DEB,1993-036PS,2024-10-05T19:55:22.296288,-1504.358839300382,-1507.249629586986,6781.744899042583,3,-27.965947337325083
COSMOS 2251 DEB,1993-036PU,2024-10-05T06:27:15.959808,1466.8364999560933,-2514.2141004453215,-6539.420294215852,2,-27.509549055970098
COSMOS 2251 DEB,1993-036PY,2024-10-05T19:44:56.571072,1467.7901881626956,6023.534709008513,-3296.2475835972073,-1,-28.58075355620808
COSMOS 2251 DEB,1993-036QB,2024-10-05T14:44:38.847264,-3402.1662649071345,4637.349444821017,3891.5264713138904,5,-27.885619417020024
COSMOS 2251 DEB,1993-036QC,2024-10-05T11:09:16.077024,-1467.6974425413314,-1517.5687719322852,-6837.764701786085,6,-27.393262084230514
COSMOS 2251 DEB,1993-036QD,2024-10-05T21:08:20.084928,4091.850548223749,-5517.863293428242,-1902.5794475110122,-1,-28.708377139143494
COSMOS 2251 DEB,1993-036QE,2024-10-05T07:18:41.810112,6203.174691115709,-2932.1451763720543,2043.7731992101544,-1,-28.244727742378096
COSMOS 2251 DEB,1993-036QF,2024-10-05T11:44:10.464000,2642.440330131611,1341.8221070235063,-6363.684501884054,2,-27.431983936075788
COSMOS 2251 DEB,1993-036QM,2024-10-05T15:55:39.908640,1623.7134024944053,-1071.2000870071313,6788.664124263297,3,-27.46662491554909
COSMOS 2251 DEB,1993-036QR,2024-10-06T05:07:01.057152,-5921.490815835884,-1455.0904928476627,-3440.9873535756733,-1,-28.372410044438986
COSMOS 2251 DEB,1993-036QS,2024-10-05T20:25:11.496000,-360.44677874322065,-4090.332498425333,-5617.780045449497,23,-27.98859765419735
COSMOS 2251 DEB,1993-036RA,2024-10-05T18:31:58.525824,-4936.070438140367,-5020.120021457743,428.28424808604115,-1,-28.527108463940955
COSMOS 2251 DEB,1993-036RB,2024-10-05T21:21:45.428832,1230.2940369127843,6773.37148436956,1023.983505732118,-1,-28.013961923310823
COSMOS 2251 DEB,1993-036RD,2024-10-05T19:11:19.251168,-2618.614399374296,-5323.494788446707,-3742.0325083798575,-1,-28.70259400755694
COSMOS 2251 DEB,1993-036RE,2024-10-05T22:04:05.738304,2104.3334138308815,943.2973943318827,6774.08122123249,3,-27.29281984374048
COSMOS 2251 DEB,1993-036RM,2024-10-05T20:58:26.556672,-5475.579981386659,-3208.256428946657,-3160.476601460856,-1,-28.689187606281777
COSMOS 2251 DEB,1993-036RS,2024-10-06T03:17:29.160384,-2940.6275745371913,2862.8379203335185,-5779.250741404684,-1,-27.87804673786961
COSMOS 2251 DEB,1993-036RV,2024-10-05T20:17:30.779232,2708.9260907617268,-4781.691472798162,4320.528554453439,24,-27.732858651873933
COSMOS 2251 DEB,1993-036RW,2024-10-05T13:10:15.182976,6247.737142387649,-1996.0853045816393,2477.6466765001746,25,-28.0139768491687
COSMOS 2251 DEB,1993-036RX,2024-10-06T00:26:09.655584,-6391.803055463253,-1408.488571273442,2779.1591083019716,9,-27.75754161330773
COSMOS 2251 DEB,1993-036RY,2024-10-06T03:32:51.002592,4010.107154868114,6011.826964797025,-128.51691652064858,-1,-28.421252468605672
COSMOS 2251 DEB,1993-036RZ,2024-10-05T19:02:21.552864,4856.761934952972,-1896.7492555529363,-5019.329005925427,-1,-28.18091624605964
COSMOS 2251 DEB,1993-036SA,2024-10-05T19:59:46.694112,-3950.455800624161,582.1237260037907,-6141.679789197804,6,-27.418353919090876
COSMOS 2251 DEB,1993-036SB,2024-10-06T02:23:03.845184,5955.281824408735,3261.280841534481,3095.235693209643,1,-27.953906551431764
COSMOS 2251 DEB,1993-036SG,2024-10-05T11:27:47.419488,-2233.4544824247796,5386.464734502817,3579.635232098251,5,-27.814701051854748
COSMOS 2251 DEB,1993-036SK,2024-10-05T20:57:29.580192,-5155.924171674281,-4466.315967407598,1351.7111990065519,15,-28.146719669051976
COSMOS 2251 DEB,1993-036SP,2024-10-05T19:09:34.386624,2994.839980139046,262.75230494538977,-6479.816595687833,2,-27.37404259183269
COSMOS 2251 DEB,1993-036SS,2024-10-05T13:28:38.197344,-4172.5824828475015,-88.44001867616223,-5665.748626941698,6,-27.442196634772195
COSMOS 2251 DEB,1993-036SU,2024-10-05T20:57:56.306304,-2145.6211005949267,665.6868754215709,-6681.950319563991,6,-27.045880994289668
COSMOS 2251 DEB,1993-036SV,2024-10-05T10:51:10.346976,-3778.176509588174,2430.648295951447,5258.059856577512,-1,-28.161801280806905
COSMOS 2251 DEB,1993-036SW,2024-10-05T09:32:34.938240,2071.102531120188,377.65855293130033,6713.521888239109,3,-27.361959395554003
COSMOS 2251 DEB,1993-036SX,2024-10-05T21:21:25.387488,-980.2797721163489,2071.0155324355046,6748.901535539405,3,-27.437682885662575
COSMOS 2251 DEB,1993-036TA,2024-10-05T22:53:19.839840,-1984.5886840772348,-5909.625030744967,-3170.8471935416655,-1,-28.546831001615082
COSMOS 2251 DEB,1993-036TB,2024-10-05T21:03:55.922976,-5296.572453566026,4490.479226594269,-571.6977973400947,-1,-28.511902907937703
COSMOS 2251 DEB,1993-036TC,2024-10-06T03:06:33.585696,-2267.3588809974035,5351.96615469162,-4513.444699517707,-1,-28.49160117207849
COSMOS 2251 DEB,1993-036TH,2024-10-06T04:15:00.728064,3278.7950295600795,5961.953639946114,1471.9085125749314,-1,-28.17144333723745
COSMOS 2251 DEB,1993-036TJ,2024-10-06T01:16:29.027136,3358.425516395352,-4827.354138824983,3641.403193037649,-1,-27.900536191288744
COSMOS 2251 DEB,1993-036TM,2024-10-05T21:17:50.418240,5427.752698415427,1206.471724576073,4375.599495719087,-1,-28.23643516651906
COSMOS 2251 DEB,1993-036TR,2024-10-06T04:45:31.172544,-859.2270549162749,-7290.287461277587,1984.055049436522,-1,-28.49102780838843
COSMOS 2251 DEB,1993-036TS,2024-10-05T06:12:51.939936,6030.810612403638,1008.2271101025893,3430.464667583005,-1,-28.380425436564252
COSMOS 2251 DEB,1993-036TT,2024-10-05T05:33:20.619360,-1453.7716776883597,1983.797490402882,6785.196357747148,3,-27.48578837808006
COSMOS 2251 DEB,1993-036TV,2024-10-05T20:53:13.253856,175.16581242299748,7116.555698595446,673.6635625281689,10,-28.183679696924735
COSMOS 2251 DEB,1993-036TW,2024-10-05T20:37:16.277952,-3406.328256841939,-1166.1236847318078,6054.5370159163285,17,-27.867149434638343
COSMOS 2251 DEB,1993-036TX,2024-10-05T17:14:23.809632,406.6958886035634,-2322.762439812199,6560.04427344064,3,-27.45299577133234
COSMOS 2251 DEB,1993-036UA,2024-10-05T18:12:16.985952,3053.037845375271,-5967.297765654926,2622.1975742908053,-1,-28.32253733922014
COSMOS 2251 DEB,1993-036UB,2024-10-05T13:50:57.547680,-2314.781875782697,3152.987195518584,5860.311572846432,16,-27.61907916458952
COSMOS 2251 DEB,1993-036UE,2024-10-03T19:26:31.841664,-4632.84240654728,1297.177501695147,-5314.889750847714,6,-27.589049992958216
COSMOS 2251 DEB,1993-036UG,2024-10-05T21:42:01.851840,622.4000441604276,1879.6151436418838,6835.054174469644,3,-27.340993528891644
COSMOS 2251 DEB,1993-036UH,2024-10-06T02:21:13.024224,5775.025870658124,2962.0547845085325,2823.6201453130607,1,-27.91428333666837
COSMOS 2251 DEB,1993-036UL,2024-10-06T01:36:28.553760,-5497.1293865102325,3675.438582589356,2158.863159368011,34,-28.319368649134375
COSMOS 2251 DEB,1993-036UN,2024-10-05T20:22:25.455072,5883.259637622386,1913.178703426591,-3174.1836318400474,-1,-28.336071101747798
COSMOS 2251 DEB,1993-036UP,2024-10-05T19:14:09.270816,-687.2087573332605,-3379.6171596247304,-6232.691108047271,23,-27.696056180403232
COSMOS 2251 DEB,1993-036UQ,2024-10-06T00:44:13.701696,-472.53850489582544,-2121.18826633004,-6812.121164782708,6,-27.411862322965753
COSMOS 2251 DEB,1993-036UR,2024-10-06T01:33:21.527136,1354.6911932689102,1823.9740039405563,-6478.735245175313,2,-27.18885788083586
COSMOS 2251 DEB,1993-036US,2024-10-06T04:27:48.714336,360.85629772378167,-3289.961134961903,6229.346909431335,3,-27.473897629219607
COSMOS 2251 DEB,1993-036UW,2024-10-06T01:43:53.780736,-1619.0841216509311,-6860.339706845672,605.1489150228794,-1,-28.637044386405414
COSMOS 2251 DEB,1993-036UX,2024-10-05T20:12:27.363168,-2418.3241931834814,-6392.328313598582,-1235.5639747655198,-1,-28.551038609562518
COSMOS 2251 DEB,1993-036UZ,2024-10-05T21:40:04.829952,233.86494173685705,4316.0901635986,5645.695987667671,-1,-27.903945389677318
COSMOS 2251 DEB,1993-036VA,2024-10-05T21:13:19.488576,-5352.129185213132,4403.726506788015,-1675.278240032729,-1,-28.48269165293692
COSMOS 2251 DEB,1993-036VD,2024-10-05T20:50:41.333280,3875.8540027577906,4156.433759983274,-4502.958300257755,-1,-28.350166678461683
COSMOS 2251 DEB,1993-036VF,2024-10-05T09:06:37.579104,-2437.2579882974733,-3037.801021165157,-6110.294915095953,-1,-27.829845638967427
COSMOS 2251 DEB,1993-036VG,2024-10-05T08:39:49.713120,-2069.199229726202,147.93776135214165,-6891.157379843152,6,-27.143144963998807
COSMOS 2251 DEB,1993-036VH,2024-10-03T09:21:28.173888,1543.7004468231326,-3058.31755412276,6204.344790174794,3,-27.51715912006336
COSMOS 2251 DEB,1993-036VJ,2024-10-05T20:15:33.005664,-4796.2516143489665,-3194.713908448053,4122.634956195626,-1,-27.95138411385974
COSMOS 2251 DEB,1993-036VL,2024-10-06T03:06:01.652256,5110.807587374075,-3490.4599991636996,3494.796018495448,14,-28.146581113153687
COSMOS 2251 DEB,1993-036VN,2024-10-05T15:30:18.543744,4343.853080484336,4108.365799835548,3821.1571075858665,20,-27.76758731029159
COSMOS 2251 DEB,1993-036VP,2024-10-05T21:26:03.109920,-4622.19054833568,-19.911154699516345,-5232.052636099332,6,-27.483905671805225
COSMOS 2251 DEB,1993-036VR,2024-10-05T20:32:50.681760,470.71192622010915,2526.618155933517,6621.612600629266,3,-27.323351468235508
COSMOS 2251 DEB,1993-036VU,2024-10-05T15:17:28.601376,6541.781001405104,-1409.1872122614716,-2551.618512493387,27,-28.131231499237693
COSMOS 2251 DEB,1993-036WA,2024-10-05T22:24:19.778400,4490.742410348788,624.0880020993757,5508.422864133335,3,-27.69181401586448
COSMOS 2251 DEB,1993-036WB,2024-10-05T16:50:14.071200,-2478.4749332861834,-6804.73653852903,664.7062385225195,-1,-28.83897290543719
COSMOS 2251 DEB,1993-036WC,2024-10-05T02:22:31.153152,-1654.3351208325284,1053.9653669318348,6853.01205778906,3,-27.666818438420705
COSMOS 2251 DEB,1993-036WE,2024-10-05T04:39:55.924992,6368.461601329822,-1433.8531863028243,2888.2945795929118,25,-28.011352346146914
COSMOS 2251 DEB,1993-036WF,2024-10-05T11:30:39.023712,-1839.2293378723073,-817.8479812719452,-7008.787392800435,6,-27.35916374249787
COSMOS 2251 DEB,1993-036WG,2024-10-05T20:38:20.326272,-4788.587184460604,-3962.618828842192,3332.112452543153,-1,-27.930718106623473
COSMOS 2251 DEB,1993-036WJ,2024-10-05T10:45:36.493920,-6078.256026066957,2958.2405647305395,2552.600879090231,-1,-28.444302642787065
COSMOS 2251 DEB,1993-036WK,2024-10-05T12:25:22.323072,-4770.25945733853,-4445.147660764372,-3200.532970650066,-1,-28.623716482021266
COSMOS 2251 DEB,1993-036WL,2024-10-05T10:41:25.820736,-498.52913885790855,-7456.126320520132,-116.65705481810407,-1,-28.28627444457392
COSMOS 2251 DEB,1993-036WQ,2024-10-05T19:57:47.324736,-1086.307125962795,3935.567501829064,5687.136476158015,16,-27.672909488827884
COSMOS 2251 DEB,1993-036WR,2024-10-05T09:17:30.296544,-3667.347134170451,6127.0825225874,406.5203827219694,-1,-28.740190653192634
COSMOS 2251 DEB,1993-036WT,2024-10-06T05:33:42.868224,-4467.219737776641,1496.8878964881326,5392.32336947317,-1,-28.25907620909109
COSMOS 2251 DEB,1993-036WX,2024-10-06T03:33:35.152992,497.8765419594468,6580.0593078742895,2509.224922983409,-1,-27.941164662163253
COSMOS 2251 DEB,1993-036XF,2024-10-05T10:01:58.545408,3600.0897544749646,-5367.100982290209,2999.3236758709836,-1,-28.19808348083596
COSMOS 2251 DEB,1993-036XG,2024-10-06T03:47:51.312192,-5152.365295669729,1299.2533804158834,-4650.647815766299,6,-27.70915267250973
COSMOS 2251 DEB,1993-036XJ,2024-10-05T20:04:08.569056,5094.168283252465,522.1519856836107,4919.026969077063,-1,-27.982859839017024
COSMOS 2251 DEB,1993-036XK,2024-10-06T04:29:58.749792,1918.274555069496,6406.8171438332065,1378.9350479981842,-1,-28.020502663071063
COSMOS 2251 DEB,1993-036XL,2024-10-05T21:51:59.224896,92.04980735734796,3510.5011408088235,-5860.939926219106,-1,-27.65923571880326
COSMOS 2251 DEB,1993-036XN,2024-10-05T19:05:12.029568,-5366.2629229991335,1089.9864817953908,-4564.077719384131,6,-27.70709807639509
COSMOS 2251 DEB,1993-036XP,2024-10-05T22:39:15.204672,-7262.866593293523,-855.428868510337,-95.08414438232845,-1,-28.503498694335995
COSMOS 2251 DEB,1993-036XR,2024-10-05T14:45:36.081216,-1999.6896122406824,385.7772830075205,-6799.2252293750835,6,-27.09219569961114
COSMOS 2251 DEB,1993-036XS,2024-10-03T15:03:58.077792,5489.462966179169,475.08326900716423,-4581.96472912199,4,-27.90932376017078
COSMOS 2251 DEB,1993-036XU,2024-10-05T18:25:21.257760,-2216.6863655049533,1590.1485515957581,-6364.3237858404755,6,-27.121698188310923
COSMOS 2251 DEB,1993-036XV,2024-10-03T06:44:05.587872,3536.110213821113,-2400.0599100547565,-5507.54331239236,-1,-27.898810895604832
COSMOS 2251 DEB,1993-036XY,2024-10-05T11:44:43.424736,894.7353741312612,5993.380760720016,3862.4238902215693,11,-28.019946026579937
COSMOS 2251 DEB,1993-036YA,2024-10-06T04:47:53.227968,-3196.6435618220207,-5408.801752990786,3277.553843992873,26,-28.178667024829508
COSMOS 2251 DEB,1993-036YB,2024-10-06T02:12:22.179168,4175.873338155483,4697.528670365966,-3183.926577925082,-1,-28.358972382850844
COSMOS 2251 DEB,1993-036YC,2024-10-05T18:44:13.148736,-3070.6164293333622,-1899.339527604301,6080.918986776341,17,-27.833099844540968
COSMOS 2251 DEB,1993-036YD,2024-10-05T20:28:38.110368,-2700.1976657911555,-2687.591724068014,5947.118324791438,-1,-27.94318746844138
COSMOS 2251 DEB,1993-036YF,2024-10-05T17:31:22.775808,-3292.555992902169,-4388.020153466104,-4526.348147986665,-1,-28.68008568006166
COSMOS 2251 DEB,1993-036YK,2024-10-05T17:09:42.231168,2341.3258409446853,6971.736210493048,-678.27199428915,-1,-28.55518000781675
COSMOS 2251 DEB,1993-036YP,2024-10-05T23:51:37.609920,6285.874208526302,-1551.9766482862428,-3104.8434525549546,27,-28.198747399202396
COSMOS 2251 DEB,1993-036YQ,2024-10-05T07:33:51.839712,-181.1960151259216,2094.6218993354273,6832.641374124183,3,-27.394847129822786
COSMOS 2251 DEB,1993-036YS,2024-09-15T13:53:34.855296,495.8195426324334,-7027.407945244835,-610.7881557063968,28,-28.011089910329567
COSMOS 2251 DEB,1993-036YU,2024-10-05T19:15:18.055584,1843.5693394333152,-1841.755994533515,-6594.244579535943,2,-27.30719562308918
COSMOS 2251 DEB,1993-036YW,2024-10-05T12:56:46.656096,-4307.49046679751,-2095.4232047522596,-5158.468742696389,-1,-28.006360717839613
COSMOS 2251 DEB,1993-036YX,2024-10-05T15:11:28.991616,3258.398491336675,-5889.202083122554,2139.942366340049,-1,-28.492638566518487
COSMOS 2251 DEB,1993-036ZA,2024-10-05T18:40:05.979072,-4698.49289026765,-1459.4030485495553,5100.964403899814,19,-27.997300753147037
COSMOS 2251 DEB,1993-036ZE,2024-10-05T20:48:59.683680,-5576.255760674976,-2496.267595080817,3465.9074900782693,9,-27.66340322756451
COSMOS 2251 DEB,1993-036ZG,2024-10-05T15:49:06.824064,-1454.9228910831396,-4181.508349762313,5555.01613905817,-1,-28.13814351022213
COSMOS 2251 DEB,1993-036ZU,2024-10-06T01:51:38.420928,-1211.113603706636,-1762.4854635328777,-6770.107158888575,6,-27.392919488703363
COSMOS 2251 DEB,1993-036ZV,2024-10-05T05:02:04.195392,-3408.112932951,699.0434064641898,-5915.7901980950155,6,-27.318133028034467
COSMOS 2251 DEB,1993-036ZW,2024-10-05T23:18:13.128192,5948.954298305422,-3660.735673211672,776.4107750276099,-1,-28.589277442223455
COSMOS 2251 DEB,1993-036ZY,2024-10-05T20:32:43.302336,3166.949464442586,-5740.325752304985,-2887.606143088216,-1,-28.447485438156235
COSMOS 2251 DEB,1993-036ZZ,2024-10-06T05:33:15.725664,-1459.0927276605055,-6566.514141321752,-2503.0768725783605,-1,-28.571477756740002
COSMOS 2251 DEB,1993-036AAA,2024-10-06T04:02:37.284576,1319.5553514790488,4732.112468783419,-5654.282943084287,-1,-28.392478112684536
COSMOS 2251 DEB,1993-036AAC,2024-10-05T10:00:31.631328,490.26979246069584,-7624.261818838685,-183.54957306930214,28,-28.05955324605342
COSMOS 2251 DEB,1993-036AAE,2024-10-05T12:59:54.278880,1699.0202904909434,1723.1299294560638,6762.594760219763,3,-27.270016042374728
COSMOS 2251 DEB,1993-036AAF,2024-10-05T16:35:32.614080,59.822937464541276,5812.9522907104,4210.410711858379,11,-27.90070195521544
COSMOS 2251 DEB,1993-036AAM,2024-10-05T19:43:41.603520,-3057.2992495159624,-5782.08051285626,2808.030769607362,26,-28.237015338009115
COSMOS 2251 DEB,1993-036AAR,2024-10-06T02:15:49.570272,-4342.130296613122,3100.877294083278,-4324.897100371217,-1,-28.473181060981517
COSMOS 2251 DEB,1993-036AAS,2024-10-05T16:28:40.245024,826.5091830784968,-2760.020265849193,6365.3206457256065,3,-27.360138025020326
COSMOS 2251 DEB,1993-036AAT,2024-10-06T03:58:27.884928,-2401.021902093492,5922.5535630837885,3190.1702644341804,5,-27.98968692558836
COSMOS 2251 DEB,1993-036AAV,2024-10-05T18:06:04.400640,330.1329136086754,7084.610590119784,-440.09433162461113,-1,-28.49731499442641
COSMOS 2251 DEB,1993-036AAW,2024-10-05T13:30:44.256672,3855.734105965486,-378.08226912808937,6039.99547910396,3,-27.686425579011427
COSMOS 2251 DEB,1993-036AAZ,2024-10-05T04:07:50.346336,2154.274796069935,-5363.770447452321,-4290.873835438359,-1,-28.175282725388115
COSMOS 2251 DEB,1993-036ABA,2024-10-05T10:12:13.996800,-6414.688660279552,778.8938301990659,-3003.311110850167,29,-28.064390040583184
COSMOS 2251 DEB,1993-036ABD,2024-10-04T15:32:30.607008,3857.273957076266,5093.286956596091,3132.540913767712,-1,-27.964530436159357
COSMOS 2251 DEB,1993-036ABE,2024-10-05T12:35:05.798688,6349.478618700194,-333.7518723478817,-3118.728452808319,-1,-28.14188526071488
COSMOS 2251 DEB,1993-036ABF,2024-10-05T20:57:36.184608,-1108.2988949649905,4188.909324847782,-5746.368450817013,30,-27.873464599276048
COSMOS 2251 DEB,1993-036ABH,2024-10-05T07:13:25.089312,5786.926235933364,-137.34383714673365,-4224.7723263577545,4,-28.01895201252117
COSMOS 2251 DEB,1993-036ABJ,2024-10-06T04:25:54.479712,274.33151305268166,-3837.835370747163,5933.576531031053,3,-27.631228582935357
COSMOS 2251 DEB,1993-036ABN,2024-10-06T04:50:54.445920,-4834.095537295772,4.15541180159169,-5179.847305766,6,-27.50648437551262
COSMOS 2251 DEB,1993-036ABP,2024-10-05T15:08:41.094816,-3092.7621238474626,-5686.746547222385,2984.505455036869,26,-28.206495632363996
COSMOS 2251 DEB,1993-036ABQ,2024-10-05T15:19:17.995872,6513.36218364228,-2076.7426125515894,-2092.8297715726712,27,-28.129125163480794
COSMOS 2251 DEB,1993-036ABR,2024-10-05T11:43:29.077536,-4872.446393405833,-2681.606894361021,3991.9780392238736,9,-27.819564537519213
COSMOS 2251 DEB,1993-036ABW,2024-10-05T10:38:58.605504,-3704.599168569501,-336.90873424212856,-6103.076769115958,6,-27.440494267681544
COSMOS 2251 DEB,1993-036ABY,2024-10-05T07:26:43.710432,2141.221071286297,-5978.094069791346,3085.5464955193697,-1,-28.369568364589767
COSMOS 2251 DEB,1993-036ACA,2024-10-05T15:41:14.225568,775.3511771176549,4221.684302656552,-5550.909194285459,-1,-28.05179467700338
COSMOS 2251 DEB,1993-036ACB,2024-10-05T06:02:41.610336,-4841.8444473773725,-3670.848868719578,3588.512357199159,-1,-27.92903034044069
COSMOS 2251 DEB,1993-036ACD,2024-10-05T15:24:41.912064,2815.8415971517256,-5279.647165981762,3674.6977675662542,24,-27.868496381984485
COSMOS 2251 DEB,1993-036ACF,2024-10-05T19:54:34.293312,4773.699728979702,2416.5115530870003,-4578.17007294377,-1,-28.346019549571565
COSMOS 2251 DEB,1993-036ACM,2024-10-05T01:43:25.780224,3387.6178060180114,-4048.2018570463156,4877.749705888192,24,-28.04862173497569
COSMOS 2251 DEB,1993-036ACN,2024-10-06T04:18:11.817216,834.1752798065934,-2723.613331225395,6505.746162350169,3,-27.367345230886286
COSMOS 2251 DEB,1993-036ACR,2024-10-04T00:33:15.002784,7266.692271943555,1449.1018445462428,-422.3712346109941,21,-28.114203526881184
COSMOS 2251 DEB,1993-036ACS,2024-10-04T23:41:06.768960,2753.067065810669,6709.001362446613,2383.628576904623,-1,-28.199127031507665
COSMOS 2251 DEB,1993-036ACV,2024-10-05T21:07:49.888992,-5372.686355152068,1628.0364860627526,-4210.024542941846,6,-27.955141247045773
COSMOS 2251 DEB,1993-036ACW,2024-10-05T16:06:20.177568,3125.618235788576,-4570.780059795439,4442.514561124102,24,-27.79764074465112
COSMOS 2251 DEB,1993-036ACX,2024-10-06T04:52:31.491264,4462.728150603111,-1003.7214132524497,5359.989034567337,-1,-28.068519526836475
COSMOS 2251 DEB,1993-036ACY,2024-10-05T08:32:49.522272,664.1869283593045,5944.3724000989105,3831.0367816845933,11,-27.948614685876812
COSMOS 2251 DEB,1993-036ACZ,2024-10-04T13:53:33.065088,-6734.573441087182,-227.5902334307112,1820.6132724011718,-1,-28.287821858927295
COSMOS 2251 DEB,1993-036ADC,2024-10-05T21:16:11.814240,-3171.0581344875227,483.2394810342679,-6260.789330366535,6,-27.22777855700224
COSMOS 2251 DEB,1993-036ADD,2024-10-05T19:14:49.159968,1300.589099384731,-6719.709990384277,-1999.7884417216753,32,-28.21723330224785
COSMOS 2251 DEB,1993-036ADE,2024-10-05T12:43:36.123744,-5031.848304952536,-574.516476299531,-4949.144823719177,6,-27.687177677776603
COSMOS 2251 DEB,1993-036ADF,2024-10-04T20:25:54.449760,1729.460241191999,-988.7134855119426,-6880.916232587,2,-27.294981203826623
COSMOS 2251 DEB,1993-036ADG,2024-10-04T11:31:24.739680,6874.241478012781,-1072.8384815529735,1557.9985556168806,-1,-28.158567535229082
COSMOS 2251 DEB,1993-036ADH,2024-10-05T20:19:45.316128,2459.8953892626155,2953.5898647700947,-5682.302488987405,2,-27.844949082044756
COSMOS 2251 DEB,1993-036ADJ,2024-10-05T23:59:04.960608,3845.9663864169083,1299.6298156389848,5902.163232788882,3,-27.450646349347267
COSMOS 2251 DEB,1993-036ADK,2024-10-05T07:01:23.739168,-2114.276017776643,-2448.821143405228,-6072.188132347367,-1,-27.64303562559622
COSMOS 2251 DEB,1993-036ADP,2024-10-04T08:56:47.264928,-4669.410694701772,-4823.2876971241,2251.6067714716187,15,-28.004693956442345
COSMOS 2251 DEB,1993-036ADR,2024-10-05T22:33:31.846752,-5826.566296872939,2489.1397196304115,-2985.355946386846,-1,-28.288095953138125
COSMOS 2251 DEB,1993-036ADV,2024-10-04T23:09:25.460064,-1217.268648941277,-2145.793186543558,6612.463678931412,3,-27.816979678744218
COSMOS 2251 DEB,1993-036ADX,2024-10-05T09:40:35.554656,1459.1658253607577,-6524.046248724814,-3009.2273513983077,32,-28.147707001077414
COSMOS 2251 DEB,1993-036ADZ,2024-10-05T18:15:43.436160,-1872.6572837136796,-3283.5304048155017,6016.067013601724,-1,-27.958523078273338
COSMOS 2251 DEB,1993-036AEB,2024-10-05T20:32:29.829984,4716.7824807946035,-351.83550362772684,5146.863436167628,-1,-27.896287799077214
COSMOS 2251 DEB,1993-036AEC,2024-10-03T04:08:47.368608,4589.626999807363,5155.911663186863,1153.4016345372129,-1,-28.400469552221622
COSMOS 2251 DEB,1993-036AEE,2024-10-05T13:59:52.049184,3594.584380733792,1205.3389658487085,5805.337012184672,3,-27.38919716046201
COSMOS 2251 DEB,1993-036AEG,2024-10-05T21:34:10.144128,2850.9512367791895,-4501.8464016463,4659.533664211349,24,-27.78453313242764
COSMOS 2251 DEB,1993-036AEH,2024-10-05T22:17:44.739456,-6256.886436580474,2020.1802098843345,2406.5089281547466,-1,-28.432385269711645
COSMOS 2251 DEB,1993-036AEJ,2024-10-05T00:43:18.074784,-5191.595854961392,-4484.158086258727,-965.7629986680973,-1,-28.364281400536612
COSMOS 2251 DEB,1993-036AEM,2024-10-06T02:22:56.192736,-1354.119729221057,2082.7933039977543,-6423.016699703664,6,-27.065812555589567
COSMOS 2251 DEB,1993-036AER,2024-10-05T09:43:57.615744,1244.537431061579,3374.1633018427547,6129.40789858611,3,-27.62036291693387
COSMOS 2251 DEB,1993-036AES,2024-10-03T07:47:40.190208,1399.710002823944,-4592.531604986009,5224.887370310771,31,-27.716636682419036
COSMOS 2251 DEB,1993-036AET,2024-10-03T15:03:33.469344,-7084.478372490118,-2218.0074835024466,38.646780213124494,13,-28.075440530666405
COSMOS 2251 DEB,1993-036AEU,2024-10-05T06:05:13.103232,4896.383125427499,4495.831927918818,-2564.1771855728666,-1,-28.50947383129421
COSMOS 2251 DEB,1993-036AEW,2024-10-05T21:18:24.833952,-2689.835765461342,2927.648748868401,5927.668418136715,16,-27.726199623898054
COSMOS 2251 DEB,1993-036AEX,2024-10-05T10:58:33.193632,42.966937439467294,-1973.057621784319,-6762.4623843864765,6,-27.4084341041265
COSMOS 2251 DEB,1993-036AEY,2024-10-05T19:19:28.504992,-639.2720575043916,-6559.523361137338,2948.203766624418,-1,-28.486603711846364
COSMOS 2251 DEB,1993-036AFA,2024-10-03T16:45:19.080000,-6462.770432625065,-2644.770586279423,1498.0804212193761,-1,-27.888226970915753
COSMOS 2251 DEB,1993-036AFB,2024-10-05T18:04:17.162688,4973.131191327968,298.4073223508031,-5062.350248560698,4,-28.03043886873261
COSMOS 2251 DEB,1993-036AFF,2024-10-06T03:47:40.077600,1661.3808637142204,6053.605972301474,3280.690157843105,-1,-28.154855390214436
COSMOS 2251 DEB,1993-036AFG,2024-10-06T02:27:53.442432,2663.2238894789252,794.7960380351377,-6328.282461175237,2,-27.371608242334
COSMOS 2251 DEB,1993-036AFJ,2024-10-06T00:49:09.498144,-5821.424910304257,-2479.071165832166,3057.880963003868,9,-27.650032048836145
COSMOS 2251 DEB,1993-036AFM,2024-10-05T15:20:09.068640,-4420.242679721637,-2529.9040514309404,4814.347757104811,19,-28.02710801794254
COSMOS 2251 DEB,1993-036AFN,2024-09-27T13:37:56.846784,5348.185923598757,-1483.3053968494426,4484.143638363098,-1,-28.11248046437676
COSMOS 2251 DEB,1993-036AFV,2024-10-06T01:36:50.820768,915.5328156506744,-1849.8391651347933,-6919.83824841781,6,-27.37703074914871
COSMOS 2251 DEB,1993-036AFW,2024-10-04T09:19:53.520960,2783.2602448757307,6378.255392859141,1430.0733095518367,-1,-28.06068815067185
COSMOS 2251 DEB,1993-036AFY,2024-10-05T07:44:27.506112,5236.175286202421,2417.8437394979333,3999.1608679387223,20,-28.000582343079664
COSMOS 2251 DEB,1993-036AFZ,2024-10-05T12:43:23.512800,6473.419883129621,2539.7849195930708,-1645.0525002876002,-1,-28.403135279565504
COSMOS 2251 DEB,1993-036AGB,2024-10-05T09:49:17.577408,6751.345838256752,-2046.9536126542052,-458.8578495943878,-1,-28.223814382094588
COSMOS 2251 DEB,1993-036AGC,2024-10-03T12:00:03.253824,4957.509907122885,-4484.201218695957,-2380.8580352610124,0,-28.034916520652132
COSMOS 2251 DEB,1993-036AGD,2024-10-04T23:12:54.154080,1789.9747696307118,-1643.011897442951,-6752.342434142068,2,-27.285198221725175
COSMOS 2251 DEB,1993-036AGF,2024-10-05T20:20:43.141056,-2016.7349864708,109.6928431817493,6838.458929948546,-1,-27.953699646991886
COSMOS 2251 DEB,1993-036AGH,2024-10-04T18:36:56.459808,-1300.4216919815842,-1521.7692336318062,-6797.070876201368,6,-27.393286267346824
COSMOS 2251 DEB,1993-036AGK,2024-10-04T16:42:47.201760,2975.7667532971286,2548.061197844694,-5891.2982101930265,2,-27.832440125666047
COSMOS 2251 DEB,1993-036AGL,2024-10-05T14:41:30.081408,5756.784423128291,-1861.7732351037303,-3614.274662117388,27,-28.29371196048387
COSMOS 2251 DEB,1993-036AGN,2024-10-06T01:03:09.662976,1472.7716152049009,-1752.3528525689715,6665.604704486615,3,-27.406234738858885
COSMOS 2251 DEB,1993-036AGP,2024-10-04T16:03:00.965088,417.69429421873787,3578.9092370923845,6161.62971471046,3,-27.63252958110548
COSMOS 2251 DEB,1993-036AGR,2024-10-04T06:20:02.800320,2653.5272827893345,2295.5136876290294,6216.382800967702,3,-27.39929715900884
COSMOS 2251 DEB,1993-036AGU,2024-10-05T20:06:32.941728,6527.981500179348,-2768.37825387552,992.653877345912,-1,-28.364187474098358
COSMOS 2251 DEB,1993-036AGV,2024-10-06T00:04:46.283808,-2952.695178868662,2087.287143977254,6038.1205940093,-1,-27.799961726646856
COSMOS 2251 DEB,1993-036AGW,2024-10-06T05:20:13.168032,-285.5300107517455,6795.522963141934,-2092.263242463036,-1,-28.7467947657156
COSMOS 2251 DEB,1993-036AHA,2024-10-01T20:59:39.243264,-1497.3993661243671,3630.0506073999786,5783.976798412337,16,-27.585978646372105
COSMOS 2251 DEB,1993-036AHB,2024-10-05T19:52:51.180096,-2102.4852504560795,3353.948120164199,6079.507892778906,16,-27.605175502404848
COSMOS 2251 DEB,1993-036AHG,2024-10-06T01:43:29.478144,400.7211154267694,1972.0699632456826,-6921.507614702935,2,-27.196638738931362
COSMOS 2251 DEB,1993-036AHJ,2024-10-05T18:34:38.855712,1460.0137389242652,-6567.765077349532,-3106.0106385155905,32,-28.16674957642362
COSMOS 2251 DEB,1993-036AHP,2024-10-04T19:48:10.995264,-4919.552969460806,1910.67665345265,-4804.845106659679,6,-27.88290495946407
COSMOS 2251 DEB,1993-036AHQ,2024-10-04T19:21:45.440352,-3072.9182225895224,-1446.2612302217199,6221.896285023275,17,-27.824252490120934
COSMOS 2251 DEB,1993-036AHR,2024-10-05T00:17:59.498880,5970.702489435356,-3825.9703926697684,-1053.767063139625,-1,-28.41091797602546
COSMOS 2251 DEB,1993-036AHU,2024-10-02T07:23:59.461440,1143.9576064324494,-7047.5809555727665,-112.74309843584702,28,-27.91266998491136
COSMOS 2251 DEB,1993-036AHW,2024-09-10T04:13:48.837216,2146.105654553276,-6501.713609634485,-456.08261660147497,12,-28.133113028007976
COSMOS 2251 DEB,1993-036AJA,2024-10-05T21:30:26.097696,-4852.30148010189,775.5577272448743,-4982.8335624984575,6,-27.509585465317194
COSMOS 2251 DEB,1993-036AJC,2024-10-05T19:00:05.022720,-2942.9932958711984,6265.168262314716,1157.2863309668942,-1,-28.85682823667036
COSMOS 2251 DEB,1993-036AJF,2024-10-04T00:12:33.870240,771.7146905943173,1860.7792741552596,-6710.432075806495,2,-27.170393423733096
COSMOS 2251 DEB,1993-036AJJ,2024-09-25T16:31:30.934272,-3297.0623264050046,-1131.51586745218,-6120.996048898702,-1,-27.604174666598702
COSMOS 2251 DEB,1993-036AJK,2024-10-06T00:35:47.294880,2738.2408922839963,-341.7146391310541,-6377.741473445489,2,-27.304322749986675
COSMOS 2251 DEB,1993-036AJL,2024-10-06T02:25:59.821248,81.72796871219042,2030.2474790046115,-6572.044413745938,2,-27.151543456807232
COSMOS 2251 DEB,1993-036AJN,2024-10-05T21:56:46.891104,-5157.169355416486,3105.854280687807,3824.108774554059,-1,-28.380501714343943
COSMOS 2251 DEB,1993-036AJR,2024-10-05T11:55:21.220032,6335.285338175553,-1951.1572735024195,-2720.4444280155826,27,-28.15384634198341
COSMOS 2251 DEB,1993-036AJS,2024-10-05T06:37:41.002464,2216.3602131242255,-5091.6531284143475,4349.186548737835,24,-27.774400523745648
COSMOS 2251 DEB,1993-036AJU,2024-10-05T10:50:37.363776,-5986.9988504248,826.442815900274,-3657.5529994481158,29,-27.907222295009753
COSMOS 2251 DEB,1993-036AKA,2024-10-05T17:52:52.484160,1853.6743799536775,1500.3068352170926,-6616.529822005879,2,-27.274899769693228
COSMOS 2251 DEB,1993-036AKB,2024-10-04T15:28:39.118944,2464.8397119752503,4904.4078543974265,4618.840232232499,-1,-28.330221526707817
COSMOS 2251 DEB,1993-036AKC,2024-10-05T06:08:13.779456,1883.5119974360498,-2990.5629042182222,6189.634018615006,3,-27.658635932817177
COSMOS 2251 DEB,1993-036AKD,2024-10-05T13:12:27.054432,-2411.1585798107412,325.278464029983,-6647.471290294764,6,-27.091534058603216
COSMOS 2251 DEB,1993-036AKH,2024-10-05T09:34:13.749600,-4112.39016804502,233.57746495313782,5808.50219919446,3,-28.0880644471644
COSMOS 2251 DEB,1993-036AKJ,2024-10-03T20:36:02.947680,1308.4189092623242,1452.9692901428155,6803.075850388228,3,-27.325169590406382
COSMOS 2251 DEB,1993-036AKK,2024-10-04T01:39:58.283712,3470.7198318743617,267.3255762690926,-6206.685322220939,2,-27.53052059725509
COSMOS 2251 DEB,1993-036AKL,2024-10-05T13:35:14.148672,1142.2570303202328,-1590.9509987101442,6774.465166016379,3,-27.469960248219593
COSMOS 2251 DEB,1993-036AKM,2024-09-29T23:30:33.467328,2254.908975369213,-1523.133026363154,-6550.87385217119,2,-27.297489487977643
COSMOS 2251 DEB,1993-036AKP,2024-10-04T01:47:50.393184,-1696.065498433532,-3435.3554509907767,-5850.170006416045,-1,-27.788417944752993
COSMOS 2251 DEB,1993-036AKQ,2024-10-05T15:35:25.434816,4285.828826425282,4179.256874745472,-3737.4339891318127,-1,-28.261197099253387
COSMOS 2251 DEB,1993-036AKS,2024-10-06T04:30:33.156864,-6401.917338654087,-1850.798548222602,2463.7206055029674,9,-27.727539517676746
COSMOS 2251 DEB,1993-036AKV,2024-10-05T11:00:38.369952,1085.899766350592,2413.0911941823356,6463.91013990944,3,-27.305073721843804
COSMOS 2251 DEB,1993-036AKX,2024-10-01T05:55:38.098272,1384.9925757762173,3527.772320830349,-6023.090913545787,2,-27.717661165421013
COSMOS 2251 DEB,1993-036AKZ,2024-10-04T13:30:30.237408,-6576.7041904358875,-2319.1001237260148,1293.9899323270179,-1,-27.90348246607512
COSMOS 2251 DEB,1993-036ALA,2024-10-02T05:59:31.028352,4635.892133405377,4388.717334881084,2949.027240767958,7,-27.758113041848944
COSMOS 2251 DEB,1993-036ALD,2024-10-05T06:26:03.592896,1832.7886864029667,-2594.2409376903547,6407.131775299303,3,-27.55330943102645
COSMOS 2251 DEB,1993-036ALG,2024-10-05T20:03:23.971104,5419.193973939607,-3940.881639440531,-2738.0623277656396,0,-27.961078242595264
COSMOS 2251 DEB,1993-036ALJ,2024-10-05T15:34:29.083008,-4001.5790080553074,-5634.10733280979,-605.2159377250291,-1,-28.845799704330247
COSMOS 2251 DEB,1993-036ALK,2024-10-05T23:57:22.555008,-1867.0013814115293,-681.7512109709326,-6850.401909516596,6,-27.300831391828744
COSMOS 2251 DEB,1993-036ALP,2024-10-05T05:32:44.896416,-1758.6816131219548,5952.4194931859365,-3391.1117969487204,-1,-28.94748909971605
COSMOS 2251 DEB,1993-036ALU,2024-10-04T16:01:33.255264,6660.362629603685,1504.3408502341504,-284.65339433622626,21,-28.065960865443117
COSMOS 2251 DEB,1993-036ALV,2024-10-03T06:44:25.066752,167.97553941396546,6435.96024286021,2929.517005214234,-1,-27.868826902392343
COSMOS 2251 DEB,1993-036ALW,2024-10-06T04:12:33.853248,1003.2026531528317,1935.463439820884,-6712.793041598198,2,-27.161511283580296
COSMOS 2251 DEB,1993-036ALX,2024-10-06T03:58:21.127584,-7142.059612586352,-1327.168706967524,-563.9921250611675,-1,-28.404650552312567
COSMOS 2251 DEB,1993-036AMA,2024-10-05T11:00:52.588800,5819.774018767178,-305.4331839711977,5034.169579256256,-1,-28.276530074238934
COSMOS 2251 DEB,1993-036AMB,2024-10-05T03:20:31.420320,-2864.0901046143026,-246.27563477053485,-6442.986479572789,6,-27.243083432217112
COSMOS 2251 DEB,1993-036AMC,2024-10-05T10:50:03.717888,-298.49766381515235,-2002.8236634370076,-7034.830381118931,6,-27.457160220436798
COSMOS 2251 DEB,1993-036AMD,2024-09-26T18:19:02.080128,2023.3897298933275,-4570.08445947658,5914.8461128455665,-1,-28.010465601298534
COSMOS 2251 DEB,1993-036AME,2024-10-05T23:45:25.303680,-6250.031280337335,-726.0998215254446,3146.436505582608,9,-27.943992231912908
COSMOS 2251 DEB,1993-036AMK,2024-10-05T23:55:46.537824,6280.494771510183,-1117.1009221970005,2541.2187916293797,25,-28.009157867530853
COSMOS 2251 DEB,1993-036AML,2024-10-04T13:57:24.585984,-363.6055317500966,-1970.4034784754317,-6995.416499621825,6,-27.444380519069554
COSMOS 2251 DEB,1993-036AMM,2024-10-06T04:52:21.890496,-2681.428386195329,-6349.438759831529,-1415.0601351054684,-1,-28.539530386427913
COSMOS 2251 DEB,1993-036AMV,2024-10-05T13:53:05.966592,-965.1134404140114,-2266.178798678927,-6390.684124508947,6,-27.435057838712964
COSMOS 2251 DEB,1993-036AMY,2024-10-03T21:58:44.783040,4779.8949746624,-2507.039421399358,-4473.165544724151,-1,-28.16072674876903
COSMOS 2251 DEB,1993-036AMZ,2024-10-04T10:21:38.515392,6860.4985404824365,-2977.55334559143,-956.5832318784242,-1,-28.414621555572033
COSMOS 2251 DEB,1993-036ANE,2024-10-04T10:55:49.465632,-33.86646731071481,4303.779753109476,5591.52553079816,-1,-27.87110947416987
COSMOS 2251 DEB,1993-036ANH,2024-10-06T03:27:28.411776,1986.4362474896566,-17.287234196000725,-6828.484589675085,2,-27.33807242338483
COSMOS 2251 DEB,1993-036ANJ,2024-10-05T09:02:44.881440,-4048.3825509178455,1982.4691829005228,-5233.59739674529,-1,-27.7940087053845
COSMOS 2251 DEB,1993-036ANL,2024-10-05T10:27:44.514432,-1679.6314405394862,2167.349789719619,-6651.803344916358,6,-27.12060967793324
COSMOS 2251 DEB,1993-036ANM,2024-10-04T15:24:44.180928,-3582.426614340479,645.9021628784807,6518.204413201316,3,-27.91997410905539
COSMOS 2251 DEB,1993-036ANN,2024-09-30T16:54:01.917504,6669.4621882037245,1276.64910941658,-2261.121422923868,-1,-28.187209883764105
COSMOS 2251 DEB,1993-036ANR,2024-10-05T16:24:34.851744,2510.643398002791,499.49347811852664,-6565.847440320046,2,-27.318905055910278
COSMOS 2251 DEB,1993-036APB,2024-10-05T13:50:59.155584,-217.54784849218873,-2750.898800342058,6538.70568481984,3,-27.586031970003816
COSMOS 2251 DEB,1993-036APC,2024-10-05T13:02:01.094208,-754.1564471629968,1853.5682908948268,-6803.538505633693,6,-27.077089561383396
COSMOS 2251 DEB,1993-036APE,2024-10-02T06:46:04.853568,-4620.708542224093,-5089.95377384394,-1708.9085893556717,-1,-28.625229114651148
COSMOS 2251 DEB,1993-036APJ,2024-09-30T05:08:45.043008,-3534.75957850076,-3035.135013958987,-5358.732422110219,18,-28.045290437717632
COSMOS 2251 DEB,1993-036APK,2024-10-05T21:29:51.300096,-4153.706524836917,3916.080456089484,4083.8614039541926,-1,-28.205033912671716
COSMOS 2251 DEB,1993-036APL,2024-10-03T22:16:23.583072,-3887.5062582571313,622.8022139912084,6295.027931309751,3,-27.9972781732871
COSMOS 2251 DEB,1993-036APM,2024-10-05T04:16:05.813184,-3058.19400959551,-3650.0473949475027,5179.276593538007,-1,-28.38720777096532
COSMOS 2251 DEB,1993-036APN,2024-10-05T11:10:41.623392,-6812.987939475535,1709.9050155527132,-1165.9672943348696,-1,-28.40616161518927
COSMOS 2251 DEB,1993-036APP,2024-10-05T22:13:58.717056,2434.7573802640914,-3141.1820570449513,-5664.524670319308,2,-27.775738715910343
COSMOS 2251 DEB,1993-036APR,2024-10-05T09:50:03.553440,-2544.0437708118407,19.99671591242029,6653.20823858595,-1,-27.878898361587787
COSMOS 2251 DEB,1993-036APW,2024-09-28T19:10:12.731808,-2794.285694763591,5564.313729774117,3982.454541832589,5,-27.851713074526927
COSMOS 2251 DEB,1993-036APY,2024-10-05T11:31:01.629408,1606.0700110762195,1921.5817078320258,-6568.783792402805,2,-27.21148751106829
COSMOS 2251 DEB,1993-036AQA,2024-10-04T04:09:38.578752,3444.7724256929846,1713.7662112233643,5990.686148728393,3,-27.378930689595265
COSMOS 2251 DEB,1993-036AQB,2024-10-05T16:02:43.772352,-404.0122243109047,-3765.0719569738335,-6201.05056041442,23,-27.865545090766545
COSMOS 2251 DEB,1993-036AQG,2024-10-05T20:38:49.430112,4723.570916778738,-4083.3690649938835,-3429.3375513378924,0,-28.03796945519909
COSMOS 2251 DEB,1993-036AQM,2024-10-05T19:09:53.080128,3666.0002159947717,-3369.86349252428,5105.545127895956,24,-28.4578556448931
COSMOS 2251 DEB,1993-036AQN,2024-10-02T18:26:40.533216,970.4031338111067,-6580.915228973857,-2610.8984282593556,32,-28.200759306103116
COSMOS 2251 DEB,1993-036AQP,2024-10-02T06:22:46.417728,1558.7063081891495,-1184.476986617259,6790.35360739112,3,-27.46402057209071
COSMOS 2251 DEB,1993-036AQS,2024-10-05T16:01:05.571840,3031.328852681743,4318.578651668163,4691.368606347487,-1,-28.102345138009838
COSMOS 2251 DEB,1993-036AQV,2024-10-02T19:20:03.701760,-3759.947735066704,-1261.5519999709056,5915.51503180152,17,-27.92014969997497
COSMOS 2251 DEB,1993-036AQX,2024-10-03T08:48:30.946176,1115.465368239758,-5124.180196931963,4477.324589061306,24,-28.000833570660596
COSMOS 2251 DEB,1993-036ARA,2024-10-05T21:55:33.533184,2556.715157999693,-2941.4481599960463,-5791.898647556607,2,-27.721683289351773
COSMOS 2251 DEB,1993-036ARD,2024-09-27T11:38:15.008352,-2211.9003572464717,3505.437462083456,5692.104995685311,16,-27.62477794680042
COSMOS 2251 DEB,1993-036ARR,2024-10-06T03:50:27.553632,3700.842087350287,582.137650450504,6038.02201343668,3,-27.414857374744756
COSMOS 2251 DEB,1993-036ART,2024-10-06T03:37:33.665376,1267.1450032285265,-4571.234457104176,-5287.570835873514,-1,-28.19851979506486
COSMOS 2251 DEB,1993-036ARV,2024-10-05T17:48:49.471200,-1829.3567943233732,771.1078502359527,-6581.37761231218,6,-27.040733578333743
COSMOS 2251 DEB,1993-036ARX,2024-10-05T20:00:30.403008,-2575.5675451675606,1225.268419354106,-6558.488224760459,6,-27.152933672376676
COSMOS 2251 DEB,1993-036ASE,2024-10-05T11:06:36.479808,6751.606038998281,630.33374391892,-2225.635216951388,-1,-28.15049636601558
COSMOS 2251 DEB,1993-036ASG,2024-10-05T22:11:30.662880,-5665.63629543235,3599.1328914878873,-2195.440712950446,-1,-28.21343473149443
COSMOS 2251 DEB,1993-036ASJ,2024-10-06T00:46:04.755072,6566.727708035967,1040.284505103656,-1495.8746206468452,-1,-28.079417146863925
COSMOS 2251 DEB,1993-036ASK,2024-10-05T21:42:21.957120,6860.746747413828,252.195779519353,2123.824933436211,22,-28.18150335367818
COSMOS 2251 DEB,1993-036ASP,2024-10-05T11:54:56.196000,479.7374519047147,1942.2758497963828,-6786.680260083303,2,-27.17157317624938
COSMOS 2251 DEB,1993-036ASS,2024-10-03T16:29:00.863520,-2368.2617043704913,-3735.6038453574506,-5512.995650427398,-1,-28.079352670825017
COSMOS 2251 DEB,1993-036ASW,2024-10-05T17:09:38.012256,-1857.6440369748539,971.6993658529774,7167.398701654633,3,-27.782775921563278
COSMOS 2251 DEB,1993-036ASX,2024-10-02T07:12:48.064320,954.7276094491526,1889.962120913927,-6909.435995212914,2,-27.203013722440943
COSMOS 2251 DEB,1993-036ATB,2024-10-05T12:29:57.589152,-4740.0417139060155,-1719.5467061593306,-4956.394716791028,-1,-28.045272901851654
COSMOS 2251 DEB,1993-036ATC,2024-10-05T09:51:21.259008,4629.180488036853,-3958.0387751443836,-3762.5644066054556,-1,-28.124089560209477
COSMOS 2251 DEB,1993-036ATG,2024-10-05T11:46:45.577056,-1158.3607121207829,-1838.082543500473,-6821.839296269973,6,-27.401351298667947
COSMOS 2251 DEB,1993-036ATH,2024-10-05T17:29:55.326912,555.9830782710117,-7507.1153214023325,331.66168874192556,28,-28.04330038481853
COSMOS 2251 DEB,1993-036ATJ,2024-10-05T17:58:20.146656,-1729.1762853591877,6869.341576432918,-53.546339585676314,-1,-28.87637822646439
COSMOS 2251 DEB,1993-036ATK,2024-10-06T01:38:01.963392,-1648.226955476364,-2852.7211892937808,6791.332169112377,-1,-27.94241119202779
COSMOS 2251 DEB,1993-036ATM,2024-10-05T07:17:22.157088,3010.7462025981936,-1454.240960214084,-6170.885653559374,-1,-27.49524644289609
COSMOS 2251 DEB,1993-036ATN,2024-10-04T14:55:04.804896,3591.1747490215257,2176.7082040203372,5841.00964746543,3,-27.5287666630593
COSMOS 2251 DEB,1993-036ATU,2024-10-03T08:02:17.211552,834.4154430448863,-1978.3484301660917,6586.678786595011,3,-27.42754782766712
COSMOS 2251 DEB,1993-036ATW,2024-10-05T10:54:31.495680,-4065.793630323335,-391.83151518679915,5741.1523000885,-1,-28.054905597374578
COSMOS 2251 DEB,1993-036ATX,2024-10-01T15:08:13.833888,-4418.668028343193,-4387.359443362322,-3565.714600536427,-1,-28.637500728714713
COSMOS 2251 DEB,1993-036ATY,2024-10-03T23:58:57.703008,-6040.073832436917,92.84343955909465,3800.4343523337257,-1,-28.32734637154286
COSMOS 2251 DEB,1993-036AUB,2024-10-04T20:31:49.390464,617.946562191308,-7026.262497517582,996.9749321285598,-1,-28.19986041367855
COSMOS 2251 DEB,1993-036AUD,2024-10-04T11:19:14.724480,4697.236706802439,-2820.2249468249393,-4568.005203224182,-1,-28.17181691331436
COSMOS 2251 DEB,1993-036AUE,2024-10-05T18:02:29.010624,96.44161300760081,-6280.004350301065,-3075.63332500885,-1,-28.342634686618958
COSMOS 2251 DEB,1993-036AUG,2024-10-04T19:46:07.731840,-5388.324084936817,4304.17735451644,1134.1379396052816,34,-28.295449020342858
COSMOS 2251 DEB,1993-036AUM,2024-10-06T05:29:20.950080,-986.6421127514122,4731.847946406845,5016.419151067203,8,-27.86483574609545
COSMOS 2251 DEB,1993-036AUP,2024-09-16T15:51:18.460512,6693.398693134349,2012.8318864945809,-439.5596640562205,21,-28.190096829804368
COSMOS 2251 DEB,1993-036AUQ,2024-10-04T11:14:28.577184,-6507.02653139711,2081.767244459092,-1679.4411051312425,-1,-28.202428555480815
COSMOS 2251 DEB,1993-036AUR,2024-10-05T18:43:14.320704,-2321.5640128430723,249.08899236392475,-6836.678108882388,6,-27.1199080729483
COSMOS 2251 DEB,1993-036AUS,2024-10-05T14:20:07.149408,-5269.428442982925,-2547.1692611717235,3582.410949348168,9,-27.698647198087045
COSMOS 2251 DEB,1993-036AUT,2024-09-24T00:45:17.421696,6914.253826899143,-758.3780427833977,-87.07967001100357,-1,-28.150856910411207
COSMOS 2251 DEB,1993-036AUU,2024-10-05T12:33:55.221120,3009.334522362395,1853.1092633383928,6066.1617608388115,3,-27.325694419690734
COSMOS 2251 DEB,1993-036AUZ,2024-10-05T13:40:22.340064,3919.2843605618655,-224.72874031341104,-5992.07623649051,2,-27.729856423082765
COSMOS 2251 DEB,1993-036AVB,2024-10-06T04:39:54.007776,-563.4794998271886,2933.4330356589417,-6470.316810377945,6,-27.336499448787038
COSMOS 2251 DEB,1993-036AVL,2024-10-04T20:56:56.887296,4554.545512764068,-2608.5414382678928,-4606.515192583032,-1,-28.14276592672458
COSMOS 2251 DEB,1993-036AVQ,2024-10-05T17:34:35.310432,281.31814199933984,6939.474151014869,811.5842644490929,10,-28.113878810842934
COSMOS 2251 DEB,1993-036AVR,2024-09-29T15:14:26.467584,6263.164739109607,3582.620055711976,945.762981977555,-1,-28.599928578010754
COSMOS 2251 DEB,1993-036AVS,2024-10-05T21:59:30.143040,7011.144499685447,174.48981762658775,-1413.3596100072978,-1,-28.121038730251378
COSMOS 2251 DEB,1993-036AVV,2024-10-05T23:54:54.113760,-6628.249464092843,775.5600486721305,2247.2284758551423,-1,-28.407291788944704
COSMOS 2251 DEB,1993-036AVW,2024-10-04T14:24:27.493344,-3175.0442168578916,-5077.614237229622,3773.0685158741962,26,-28.29286312770153
COSMOS 2251 DEB,1993-036AVY,2024-10-04T05:32:53.418048,1595.9946161085559,-4561.911251064074,-5125.611779749813,-1,-28.140478245591474
COSMOS 2251 DEB,1993-036AWF,2024-10-05T13:40:11.801856,4638.461187924279,-1672.164647771181,-5196.660895433799,-1,-28.129863118692505
COSMOS 2251 DEB,1993-036AWK,2024-10-04T04:42:55.594656,-1265.3331008819112,3442.883819274101,6021.808002971332,16,-27.55175285401772
COSMOS 2251 DEB,1993-036AWN,2024-10-05T16:46:45.918912,-1380.3792834153096,4219.375134052122,-5409.472258386343,30,-27.898610599426867
COSMOS 2251 DEB,1993-036AWP,2024-10-02T17:39:09.720288,853.7360754167316,-7058.309633099358,-336.64653718270665,28,-27.91666992272568
COSMOS 2251 DEB,1993-036AWU,2024-10-05T19:48:12.508128,-512.9288444576191,4118.38737751824,-5538.171333216633,30,-27.884174354813226
COSMOS 2251 DEB,1993-036AWX,2024-10-05T18:35:31.368768,-7042.333962523166,-422.9739447754566,745.7730204047024,-1,-28.47135377282528
COSMOS 2251 DEB,1993-036AXG,2024-10-04T02:49:55.276896,-2767.4592078457463,-1893.3089583996095,6286.173195783678,17,-27.802584466234073
COSMOS 2251 DEB,1993-036AXH,2024-10-03T14:22:38.402112,6347.787981344948,2662.1972503585002,-1541.7989388281676,-1,-28.447426783221466
COSMOS 2251 DEB,1993-036AXJ,2024-10-05T19:34:42.589344,2848.37999493178,-2769.957952747925,-5805.373849826931,2,-27.732731621973166
COSMOS 2251 DEB,1993-036AXK,2024-10-05T13:10:53.117760,1943.0027584481015,2349.170736841155,6463.36515821423,3,-27.354098974019223
COSMOS 2251 DEB,1993-036AXL,2024-10-04T14:24:05.004288,-994.9877720151542,-3302.269028888203,6176.524095638995,-1,-27.832653042585882
COSMOS 2251 DEB,1993-036AXM,2024-10-05T11:39:27.623232,270.86998240259237,-2014.345618726472,-6677.587263054006,6,-27.404223333277606
COSMOS 2251 DEB,1993-036AXP,2024-10-05T21:41:55.171392,4358.129487668819,-3958.444921850472,3814.047182465949,-1,-28.133115882436982
COSMOS 2251 DEB,1993-036AXQ,2024-10-04T05:54:39.059424,599.5062133009586,-4399.550518691469,5566.082460328393,3,-27.737241305031397
COSMOS 2251 DEB,1993-036AXS,2024-10-04T08:36:27.278784,-2799.0204202597247,-5899.248071827112,-2748.8135839407037,-1,-28.567225407621265
COSMOS 2251 DEB,1993-036AXV,2024-09-29T23:58:38.091072,-5031.606338079398,3844.740406145322,3109.6115131783804,-1,-28.346571017834187
COSMOS 2251 DEB,1993-036AXX,2024-10-05T19:13:42.311424,-5090.939358417935,3821.00866772975,-3220.2740438918677,-1,-28.65625974036356
COSMOS 2251 DEB,1993-036AXY,2024-10-04T18:49:27.509952,1587.3132539406283,6488.258919256499,2622.2739829224465,-1,-28.070958145357814
COSMOS 2251 DEB,1993-036AYB,2024-10-02T23:52:42.829824,-4689.608934164045,1723.4747158378764,4945.56990882375,-1,-28.324052261298938
COSMOS 2251 DEB,1993-036AYJ,2024-10-03T10:58:18.791616,-2696.8696490517873,2236.1152076266208,-6050.517862216723,-1,-27.532968839067784
COSMOS 2251 DEB,1993-036AYL,2024-10-05T14:26:25.735200,-5009.177292525082,-1717.269287755577,4801.826997391099,19,-27.923368123245922
COSMOS 2251 DEB,1993-036AYM,2024-10-05T02:00:16.575552,3569.9169028586107,4109.795692019237,-4604.522535824883,-1,-28.388229624845863
COSMOS 2251 DEB,1993-036AYT,2024-10-05T09:57:31.955616,6332.780480206906,-3056.8764209513974,-1660.4712200041577,-1,-28.23889974198938
COSMOS 2251 DEB,1993-036AYU,2024-10-03T05:36:34.291872,2954.5916182554565,6355.447964376606,-2657.649098232345,-1,-28.831365991892618
COSMOS 2251 DEB,1993-036AYV,2024-09-27T01:40:26.839776,3304.7398873542056,-4092.519219633339,-4860.822274168972,-1,-28.257139043690017
COSMOS 2251 DEB,1993-036AYW,2024-10-03T10:47:06.211680,-4637.117304795413,-1913.9426574980919,4956.799826818434,19,-27.95388652257548
COSMOS 2251 DEB,1993-036AYY,2024-09-28T07:31:49.789344,-1960.23179494097,49.661449287885894,-6819.477615850936,6,-27.156369778046432
COSMOS 2251 DEB,1993-036AZG,2024-10-03T16:28:59.181312,6317.957129187912,2900.270434466518,1764.8075783422107,1,-28.182840428951025
COSMOS 2251 DEB,1993-036AZM,2024-10-04T23:38:28.034880,874.0797447598692,-4938.580693861018,4789.556831200953,31,-27.924733952971266
COSMOS 2251 DEB,1993-036AZN,2024-10-05T09:41:13.846272,-574.8308416931502,6683.268868242886,-1851.6345359580955,-1,-28.721314214001076
COSMOS 2251 DEB,1993-036AZT,2024-10-03T00:08:26.792160,4364.727164975593,807.0248957742363,5609.837035395282,3,-27.638787377495227
COSMOS 2251 DEB,1993-036AZX,2024-10-05T09:34:29.080416,-969.1251533761612,3493.094328385386,-6032.787341475528,30,-27.625908636918467
COSMOS 2251 DEB,1993-036BAD,2024-10-06T00:50:48.099552,-5628.940962234404,-446.5193255463274,4328.049183694166,-1,-28.172150598442272
COSMOS 2251 DEB,1993-036BAL,2024-10-04T09:25:21.156672,1016.0330252875491,-2694.775846367539,6433.649425826044,3,-27.360233652132415
COSMOS 2251 DEB,1993-036BAN,2024-10-05T12:33:16.389504,-7227.056003846544,-71.31738036458697,2065.9562525400424,-1,-28.441177245507085
COSMOS 2251 DEB,1993-036BAQ,2024-10-05T22:41:39.584256,-5940.161287994461,2654.779547167439,-2209.4260123787703,-1,-28.1423279305454
COSMOS 2251 DEB,1993-036BAR,2024-10-04T04:01:44.934816,-5920.2916028335285,-338.47809911292666,-3799.992137089583,6,-27.853314136057392
COSMOS 2251 DEB,1993-036BBA,2024-10-03T17:01:18.669504,6100.220913140918,2482.516450397319,-2664.0042870596053,-1,-28.49313184568026
COSMOS 2251 DEB,1993-036BBC,2024-10-05T09:12:00.550080,-688.7319843181118,-5546.866102085737,4474.523020059919,-1,-28.49167151326445
COSMOS 2251 DEB,1993-036BBJ,2024-09-25T05:10:48.975168,-854.9504890656074,-4290.72745508625,-5621.764164457969,23,-28.00242279359557
COSMOS 2251 DEB,1993-036BBV,2024-10-04T15:45:09.347616,940.1864301680429,-1845.7477996446062,-6707.809869613576,6,-27.349113074379176
COSMOS 2251 DEB,1993-036BCN,2024-09-23T15:45:57.145824,324.3004624539051,2447.781367819271,-6762.696842729182,2,-27.185546891936113
COSMOS 2251 DEB,1993-036BCR,2024-10-04T09:45:39.985056,2629.230002741011,6738.0253135295125,1395.9182375199666,-1,-28.07527535123927
COSMOS 2251 DEB,1993-036BCT,2024-10-05T11:38:35.930976,-469.7729223675086,-2343.280251972576,6656.934652932799,3,-27.705064732499416
COSMOS 2251 DEB,1993-036BCZ,2024-10-05T21:56:29.237856,-6223.9141755099245,1813.915596633922,2819.9427795186584,-1,-28.427307085399327
COSMOS 2251 DEB,1993-036BDA,2024-10-05T00:38:10.710240,7.288260808234781,-6221.48247947677,-3443.1107457425696,-1,-28.365635601779886
COSMOS 2251 DEB,1993-036BDL,2024-10-01T07:03:03.408480,187.50491527868306,5364.139711212763,-4874.898928115267,-1,-28.446986867740222
COSMOS 2251 DEB,1993-036BDM,2024-10-05T10:54:56.911104,-5774.045056359105,-314.4676590416099,4032.66011874355,-1,-28.169143403716127
COSMOS 2251 DEB,1993-036BDT,2024-10-06T03:45:44.793216,1598.7609548905766,6067.87062747847,-3251.3330313536258,-1,-28.567387495635778
COSMOS 2251 DEB,1993-036BDU,2024-10-05T15:50:28.798656,-1310.3653699961894,1988.0852902185015,-6707.923704869432,6,-27.036511152198194
COSMOS 2251 DEB,1993-036BDV,2024-10-05T07:04:00.181920,5039.51587733396,3574.159310092722,4156.700150093507,20,-27.799606210593964
COSMOS 2251 DEB,1993-036BEC,2024-10-05T06:23:06.523008,-105.10172034880691,6840.009452772893,1882.792507279696,10,-28.047049302743254
COSMOS 2251 DEB,1993-036BEL,2024-10-05T16:43:49.687968,1331.0174837169982,5333.445073160363,4309.877721432559,-1,-28.265210135894343
COSMOS 2251 DEB,1993-036BEP,2024-10-06T04:11:22.715808,391.1263251216311,-4796.176493439412,-4937.263917707991,-1,-28.29187467802887
COSMOS 2251 DEB,1993-036BEQ,2024-10-05T13:30:59.082048,3913.009062718245,3197.137890558269,4634.97775767835,-1,-27.79925830089151
COSMOS 2251 DEB,1993-036BEU,2024-10-03T17:36:27.134496,2013.68166681931,-6768.423552105496,-606.4982007160341,12,-28.046084439605025
COSMOS 2251 DEB,1993-036BEW,2024-10-06T00:23:29.033664,-6887.694995523847,-1447.5988066785148,1115.6050184526248,-1,-28.09453932454671
COSMOS 2251 DEB,1993-036BFE,2024-10-02T09:50:05.678016,-3862.876091681559,1504.9484138546977,-5600.2881268564,-1,-27.588312363497067
COSMOS 2251 DEB,1993-036BFF,2024-10-03T01:58:00.543936,4021.926479192049,1447.216651334046,-5443.02637943928,-1,-28.013838767374644
COSMOS 2251 DEB,1993-036BFG,2024-10-05T17:59:02.189760,-792.3059885303983,5855.166765567891,3344.637356565473,11,-27.827142220389668
COSMOS 2251 DEB,1993-036BFK,2024-10-06T03:40:24.617280,3976.8785331201866,5888.132219100239,-959.5023955906629,-1,-28.49325415740521
COSMOS 2251 DEB,1993-036BFP,2024-10-04T07:20:09.957120,-2486.6396528494824,4064.7960523294173,-4993.391130667574,-1,-28.15088121195707
COSMOS 2251 DEB,1993-036BFQ,2024-10-03T01:16:43.710816,-5933.568002428951,-16.53668642932618,-3942.4763023454902,6,-27.789547354240327
COSMOS 2251 DEB,1993-036BFR,2024-10-06T03:27:08.212320,4878.231273303182,3890.884894601187,3949.2558617635545,20,-27.766713001433722
COSMOS 2251 DEB,1993-036BFX,2024-09-27T02:36:17.031744,3165.801562345214,-739.3333016193321,6275.9552166635185,3,-27.656675206178285
COSMOS 2251 DEB,1993-036BGB,2024-09-25T16:36:32.680224,-2954.118313859909,-2843.5640353379495,-6248.841722506746,-1,-27.940675523825924
COSMOS 2251 DEB,1993-036BGE,2024-10-05T01:59:34.914336,-2926.963212271509,3003.504791298601,-5727.578241708728,-1,-27.926645122079485
COSMOS 2251 DEB,1993-036BGY,2024-10-02T20:28:19.032384,-2684.7512032471345,1062.7203473561995,6323.822605467771,3,-27.704790273976727
COSMOS 2251 DEB,1993-036BHE,2024-10-02T12:45:37.783584,3417.243179955395,-1787.2897893943905,-5868.778066862721,-1,-27.72348014148271
COSMOS 2251 DEB,1993-036BHH,2024-10-05T18:00:25.114752,-1040.5555468546372,4765.310831119036,5185.265765263567,8,-27.868197294837877
COSMOS 2251 DEB,1993-036BHJ,2024-10-06T01:59:42.134784,4745.744268001486,-5095.396197529513,-2293.2024240509386,0,-28.313196617324365
COSMOS 2251 DEB,1993-036BHR,2024-10-03T01:30:43.772832,1983.0816179754547,2228.3711333015567,-6319.648032292454,2,-27.334386552950306
COSMOS 2251 DEB,1993-036BHS,2024-10-05T01:43:00.079680,4905.964267110688,3622.6973034085017,-3514.7095488923055,-1,-28.42035408549996
COSMOS 2251 DEB,1993-036BHU,2024-10-03T06:31:43.489632,-2822.1739878431035,4751.906655026498,4573.296175556318,5,-27.759757279555487
COSMOS 2251 DEB,1993-036BHY,2024-10-04T13:21:16.744320,1979.3925419153616,-1343.9760966013037,6699.273625955692,3,-27.45495610604192
COSMOS 2251 DEB,1993-036BJG,2024-10-01T19:19:02.050176,1368.143693202027,7145.769300045134,1559.255808497349,-1,-28.053248263827555
COSMOS 2251 DEB,1993-036BJK,2024-10-05T08:52:56.382528,5102.7616025770985,4078.2636214589556,2661.6828567835423,-1,-27.78485485033196
COSMOS 2251 DEB,1993-036BJV,2024-10-05T23:33:28.799712,6464.524493711711,280.26871229855175,-3060.7509458080117,-1,-28.113965868868533
COSMOS 2251 DEB,1993-036BKC,2024-10-05T07:40:34.645152,-2824.672324521258,6125.018216540337,-2289.7668866543436,-1,-28.892192409674443
COSMOS 2251 DEB,1993-036BKG,2024-10-06T01:44:34.410336,-3876.409075306284,3205.3045971764054,-4890.387959244891,-1,-28.32116979979682
COSMOS 2251 DEB,1993-036BKL,2024-10-01T11:47:18.954240,2895.1569306365336,964.1508509032686,6351.552962506676,3,-27.255213496271658
COSMOS 2251 DEB,1993-036BKS,2024-10-05T17:26:47.480352,2272.7990304119435,2673.018220415877,-6109.365651375313,2,-27.567045667347408
COSMOS 2251 DEB,1993-036BKT,2024-09-12T09:51:10.602432,1099.7667003777292,2512.2351769406864,-6431.52620557065,2,-27.197448403567144
COSMOS 2251 DEB,1993-036BKW,2024-10-04T14:50:23.872704,5645.082770962663,3906.4848805549054,-1569.6344288742225,-1,-28.841615053042077
COSMOS 2251 DEB,1993-036BKX,2024-09-27T22:56:39.600096,-1657.9007388385253,3835.697641709706,-5785.10903676272,30,-27.821367341558187
COSMOS 2251 DEB,1993-036BLC,2024-10-04T02:04:55.853184,4841.760859811029,4832.093372189142,2186.3389865525214,7,-27.942148204834055
COSMOS 2251 DEB,1993-036BLD,2024-10-04T11:33:53.327808,2390.458970841847,-6078.138367138799,2070.885065994773,-1,-28.582086511554486
COSMOS 2251 DEB,1993-036BLG,2024-10-02T14:06:43.671744,-3964.139959739169,-1098.0605944167216,-5843.604839640868,-1,-27.714558687479645
COSMOS 2251 DEB,1993-036BLK,2024-09-17T17:07:32.876544,-6091.416101353276,-3578.058428889729,243.58315298810274,33,-28.03629680698554
COSMOS 2251 DEB,1993-036BLL,2024-10-04T04:02:16.680768,-2048.0812268314794,-4553.982029355769,5139.635647529519,-1,-28.35717522130176
COSMOS 2251 DEB,1993-036BLM,2024-09-28T20:28:51.656160,1205.798726307673,-5286.280937481665,-4663.447247106445,-1,-28.246153910306987
COSMOS 2251 DEB,1993-036BLP,2024-10-05T11:08:56.992992,6786.345781733834,-1545.2824342064805,1703.0264082961382,-1,-28.1340239177076
COSMOS 2251 DEB,1993-036BLQ,2024-09-29T12:02:38.639904,-4946.514416220678,5034.058445339914,517.6213120008409,-1,-28.48058833128175
COSMOS 2251 DEB,1993-036BLU,2024-10-05T16:47:53.993472,1260.7009603534575,4149.519189252092,6133.435063801292,3,-27.999113062583987
COSMOS 2251 DEB,1993-036BLZ,2024-10-05T21:13:07.306176,2273.647300159849,-4021.973793978853,-5224.477552330565,2,-28.0132483218213
COSMOS 2251 DEB,1993-036BMB,2024-10-05T06:42:16.478496,2053.713554720018,-643.0863261550385,6756.213378709577,3,-27.444000298617162
COSMOS 2251 DEB,1993-036BMC,2024-10-05T14:13:03.836064,-5967.487387438953,-3918.395745288459,-265.97171946780287,33,-28.117994945871303
COSMOS 2251 DEB,1993-036BMD,2024-10-05T20:00:33.615360,-3193.94187270985,5454.086752795248,2352.722647148621,-1,-28.40491768678421
COSMOS 2251 DEB,1993-036BMU,2024-10-06T01:48:04.180032,3420.2413845606443,697.0525077533622,-6138.285043371851,2,-27.574159258568656
COSMOS 2251 DEB,1993-036BMX,2024-09-17T08:22:34.959936,508.2453312953845,6708.1197074691545,-1963.798165252474,-1,-28.73915797807676
COSMOS 2251 DEB,1993-036BNH,2024-10-05T13:08:59.922528,3395.261765456558,57.55641097460967,6224.061509078219,3,-27.45346896992195
COSMOS 2251 DEB,1993-036BNJ,2024-10-06T00:56:55.386816,729.4850216988976,-1909.5366924658026,-6557.259787051069,6,-27.381678893008313
COSMOS 2251 DEB,1993-036BNK,2024-10-06T02:51:05.470848,-5276.295867762675,-4205.963981515922,2355.14970966217,15,-27.928963395727088
COSMOS 2251 DEB,1993-036BNM,2024-09-29T08:52:57.924768,1486.2951846985936,1408.7432634688341,6818.937792603821,3,-27.310399278641135
COSMOS 2251 DEB,1993-036BNN,2024-10-05T15:02:12.238656,-1047.4492351354108,1893.7116299251181,-6995.512008930287,6,-27.091956852025483
COSMOS 2251 DEB,1993-036BNQ,2024-10-05T11:55:16.412736,5656.832140544337,611.292404414892,-4275.504913876184,4,-27.881408993359393
COSMOS 2251 DEB,1993-036BNS,2024-10-04T11:19:27.377760,-5101.571553335679,274.64857982291016,-4954.681264546982,6,-27.528158538027775
COSMOS 2251 DEB,1993-036BNT,2024-10-02T15:45:15.578784,6634.417803651244,-1455.3260825264435,-1600.222203685932,-1,-28.11161767499724
COSMOS 2251 DEB,1993-036BPB,2024-10-05T05:47:56.963328,-5580.148335341184,-4156.907999471731,-1193.331487078676,-1,-28.292078400172947
COSMOS 2251 DEB,1993-036BPC,2024-10-05T09:14:24.126144,-4823.909302908213,4691.824207814449,1642.0940710101981,-1,-28.371511196263704
COSMOS 2251 DEB,1993-036BPJ,2024-10-05T22:26:28.620672,-874.0880795640484,2418.750204616441,-6639.977228052478,6,-27.13869202231313
COSMOS 2251 DEB,1993-036BPK,2024-10-05T13:19:25.018752,623.7489696202977,3118.509206240582,-6538.678933352519,2,-27.394042952551793
COSMOS 2251 DEB,1993-036BPL,2024-10-05T07:36:19.365984,-842.779945931552,2172.3184371220304,-6741.311373929077,6,-27.08704495213955
COSMOS 2251 DEB,1993-036BPR,2024-10-02T14:35:51.883296,4984.178253471787,3313.6753923889414,3634.077187076082,20,-27.73126803455753
COSMOS 2251 DEB,1993-036BPS,2024-10-05T13:22:26.037984,-5880.22776928336,-4069.8451269532807,405.66468499917715,33,-28.145696156323858
COSMOS 2251 DEB,1993-036BPT,2024-10-05T16:40:13.349280,-1225.2591505739545,-5353.828329028435,-4283.084085562478,-1,-28.506471358024903
COSMOS 2251 DEB,1993-036BPU,2024-09-27T23:57:04.049856,6924.661971324857,1587.1886348644705,255.94475729002994,21,-28.179004137554116
COSMOS 2251 DEB,1993-036BPW,2024-10-05T06:53:48.051744,-4123.146444671204,5663.399906853837,-1073.764146248802,-1,-28.85971482361157
COSMOS 2251 DEB,1993-036BPY,2024-09-14T19:29:00.012480,-6301.843028363908,-1803.2684931520143,2784.112623405072,9,-27.68111568607778
COSMOS 2251 DEB,1993-036BQA,2024-10-04T16:58:44.887008,-1.0374080901302696,-5769.571320922387,-4007.10703424779,-1,-28.390338633223145
COSMOS 2251 DEB,1993-036BQC,2024-10-03T02:28:24.266496,-6061.102665237262,-2809.86796414097,-2119.3530116699844,-1,-28.485069109582213
COSMOS 2251 DEB,1993-036BQD,2024-10-05T17:10:36.877440,1517.4380951612336,3487.251234477918,5828.844921251302,3,-27.752711759790877
COSMOS 2251 DEB,1993-036BQL,2024-10-03T22:26:10.441248,-1568.0726704706515,2607.4989573881276,6468.769164783387,3,-27.479892769889496
COSMOS 2251 DEB,1993-036BQP,2024-10-05T00:16:07.747392,574.9919619123277,-3162.9976216956716,6344.596535652099,3,-27.423462343962633
COSMOS 2251 DEB,1993-036BQU,2024-09-29T07:16:00.021792,-365.7174200313129,-7092.123602112631,-166.45901405379377,-1,-28.192396333927583
COSMOS 2251 DEB,1993-036BQV,2024-10-05T14:24:40.287456,-6502.285359264365,1559.7034622719561,2469.002594445462,-1,-28.4314356176475
COSMOS 2251 DEB,1993-036BQZ,2024-10-03T19:38:28.491648,3175.2771275491264,-357.9251122367682,6361.250243790224,3,-27.529424879671097
COSMOS 2251 DEB,1993-036BRC,2024-10-06T05:20:14.472672,-1561.1025145835233,1950.7464119991757,-6589.44694375386,6,-27.041173717299742
COSMOS 2251 DEB,1993-036BRF,2024-10-05T23:23:06.360288,4780.802944983087,-2492.832675875961,4476.707815457971,-1,-28.299561205584027
COSMOS 2251 DEB,1993-036BRH,2024-10-05T21:06:54.821088,2668.3962532707756,-5283.149216740972,3901.4399192103115,24,-27.83196260595465
COSMOS 2251 DEB,1993-036BRL,2024-10-03T22:03:17.431200,3250.459572804721,5735.021144407957,3954.388141500546,-1,-28.354418432295198
COSMOS 2251 DEB,1993-036BRM,2024-10-04T10:26:57.652800,5279.522521116031,-3891.1795009241405,-2665.3735082537714,0,-27.937862068603145
COSMOS 2251 DEB,1993-036BRS,2024-10-03T14:46:04.853280,-1520.830338786238,-3644.2470883590076,-5823.088983005193,23,-27.818013572642847
COSMOS 2251 DEB,1993-036BRU,2024-10-05T16:35:30.670080,-2063.4871635615186,-6549.664961711212,-1554.5256336544521,-1,-28.51269510965667
COSMOS 2251 DEB,1993-036BRW,2024-10-05T21:15:48.792960,5461.764298430083,4081.2163809926883,1950.6565071470623,-1,-28.0221961817725
COSMOS 2251 DEB,1993-036BRX,2024-10-05T21:37:23.259360,1266.2901331915273,1430.0189945264917,-6659.160907396374,2,-27.25811167398728
COSMOS 2251 DEB,1993-036BRZ,2024-10-05T13:45:52.304256,5008.5675714822855,3036.185589620463,4013.1061548971966,20,-27.78951507991429
COSMOS 2251 DEB,1993-036BSA,2024-10-04T15:18:38.488608,1010.4166723705731,2443.45676483116,6655.893577899923,3,-27.3081701011226
COSMOS 2251 DEB,1993-036BSB,2024-09-27T20:05:04.620192,-3595.250005199191,731.2234963594333,-5869.288709778856,6,-27.349559231640136
COSMOS 2251 DEB,1993-036BSE,2024-09-14T12:14:14.005248,-2038.7881686959515,2997.9069688789277,-5993.4317317664345,-1,-27.604716940423366
COSMOS 2251 DEB,1993-036BSM,2024-10-05T07:07:19.556832,-2513.2122785411134,6634.344745418837,-240.7002870746321,-1,-28.822982443520438
COSMOS 2251 DEB,1993-036BSP,2024-10-05T01:30:48.549024,4798.011942538372,4316.994624371236,-3650.8059050712995,-1,-28.349233995834176
COSMOS 2251 DEB,1993-036BSY,2024-10-06T05:28:37.721568,-6478.56666403976,-2510.8416075674418,-1240.966742130471,-1,-28.26060724876868
COSMOS 2251 DEB,1993-036BTC,2024-10-04T05:26:58.945632,-5544.396465683579,-3042.721342257069,2898.777162917457,9,-27.75368220706431
COSMOS 2251 DEB,1993-036BTD,2024-10-04T08:37:47.302464,5467.15697483772,-4192.321983817318,-1071.0023344130896,-1,-28.456420990046446
COSMOS 2251 DEB,1993-036BTL,2024-10-06T04:08:26.122848,5468.168759548074,760.1842381333664,4379.240796798367,-1,-28.210861363656612
COSMOS 2251 DEB,1993-036BTP,2024-09-22T19:26:11.745888,-2267.251697605768,-1341.7232097891233,-6743.176855116442,6,-27.425261853056952
COSMOS 2251 DEB,1993-036BTR,2024-10-06T01:34:30.517536,-6244.544098626318,-3305.139577103723,1984.7788849376168,-1,-27.966520464920727
COSMOS 2251 DEB,1993-036BTT,2024-10-06T01:57:20.655648,-3713.923986551208,-5598.1630795376705,2729.687054126021,26,-28.16631503167367
COSMOS 2251 DEB,1993-036BTV,2024-10-04T09:15:54.709632,5009.0046450487225,-4259.677432119059,2405.6962740256217,-1,-28.523964057246836
COSMOS 2251 DEB,1993-036BTW,2024-10-01T22:07:02.448768,-3267.9458517962626,349.30396738814744,-6257.37512749644,6,-27.249610705340835
COSMOS 2251 DEB,1993-036BTX,2024-10-04T03:04:42.405312,-5454.710320857735,-313.5016967484619,-4411.835198018545,6,-27.70930737530054
COSMOS 2251 DEB,1993-036BTY,2024-10-05T12:23:13.227648,3901.2896943536666,402.83624526592547,5894.833613151,3,-27.491087797038645
COSMOS 2251 DEB,1993-036BTZ,2024-10-05T03:03:00.254592,-6517.163023948486,334.0718980604065,-2847.144074336671,29,-28.09342709305519
COSMOS 2251 DEB,1993-036BUA,2024-10-06T00:48:12.395520,6800.792129704518,381.62316029502625,1777.5375411277153,22,-28.18516523445146
COSMOS 2251 DEB,1993-036BUC,2024-10-05T17:17:11.378976,1899.8188723976248,-5026.036152709659,4555.827298347863,24,-27.78256027945963
COSMOS 2251 DEB,1993-036BUD,2024-10-04T10:29:09.707424,5238.494995262941,-2987.1579705177724,3622.3886354484894,14,-28.09887008473067
COSMOS 2251 DEB,1993-036BUJ,2024-10-05T06:25:11.600832,1235.482317232969,4122.07853078549,5398.607339382777,3,-28.026898389852562
COSMOS 2251 DEB,1993-036BUK,2024-10-05T11:19:16.803264,926.4754341736561,-2010.0939819527177,-6832.551612373537,6,-27.38013338336929
COSMOS 2251 DEB,1993-036BUL,2024-10-05T08:47:20.563872,-4380.640459014891,-4739.769492144581,2770.528052126546,-1,-27.969779366904504
COSMOS 2251 DEB,1993-036BUN,2024-10-05T11:06:02.627424,-6413.514779992394,210.8502483953727,-2787.2128348388565,29,-28.09332044519234
COSMOS 2251 DEB,1993-036BUQ,2024-10-05T15:20:39.122016,3725.1190094772946,4839.435996267913,3626.5577603764386,-1,-27.973470586763618
COSMOS 2251 DEB,1993-036BUR,2024-10-04T07:43:30.840672,-362.57884118869794,6146.085476180097,3596.1067017823325,11,-27.80003513271881
COSMOS 2251 DEB,1993-036BUT,2024-09-09T03:55:35.078880,-5333.430436688149,1612.295305593249,4314.46268375623,-1,-28.49589376769149
COSMOS 2251 DEB,1993-036BUW,2024-10-03T22:08:12.698880,5613.560233236811,-2356.614646557386,3757.5743251258273,14,-28.066681171493535
COSMOS 2251 DEB,1993-036BUX,2024-10-04T20:03:48.424896,-5678.342663238807,4017.688584953021,1552.277928810422,34,-28.32133569447467
COSMOS 2251 DEB,1993-036BVC,2024-10-05T15:15:40.934880,-1502.397070098699,1248.4660764770033,-6785.149357646253,6,-27.01848178748166
COSMOS 2251 DEB,1993-036BVD,2024-10-02T12:33:37.166112,6418.125451289884,-134.53274091823846,2549.1057835082875,22,-28.137079886313686
COSMOS 2251 DEB,1993-036BVH,2024-10-05T22:14:19.377024,877.8021292994408,1757.2574659419206,6847.70508663889,3,-27.334708380853385
COSMOS 2251 DEB,1993-036BVK,2024-10-01T19:56:28.077792,-736.8771375890193,3293.081584132588,6247.979345879478,16,-27.537823344701465
COSMOS 2251 DEB,1993-036BVN,2024-10-05T12:34:58.071072,1098.4209842925939,2641.1229264404674,-6525.627385395897,2,-27.22645463467626
COSMOS 2251 DEB,1993-036BVR,2024-09-11T08:53:34.433088,2817.2769185452275,-6002.101097198464,-4398.298785354471,-1,-28.54364131059514
COSMOS 2251 DEB,1993-036BVS,2024-10-02T13:15:36.772416,-5949.855335403636,-1752.7583243457238,3327.4904211998737,9,-27.644020811863143
COSMOS 2251 DEB,1993-036BVT,2024-10-04T22:33:54.588096,4718.347466841955,-1226.0056763536809,-5977.169893118318,-1,-28.25070600535595
COSMOS 2251 DEB,1993-036BVU,2024-10-05T00:07:16.154976,-1386.8054717485666,-2520.7359472257494,-6400.425261400438,6,-27.499375722758124
COSMOS 2251 DEB,1993-036BVV,2024-10-03T22:33:29.857824,-5818.51759879356,3237.785695307194,-2365.3870376420623,-1,-28.175803159376947
COSMOS 2251 DEB,1993-036BVW,2024-10-05T13:03:32.623776,-4343.849816455132,107.62798186683604,-5992.161710952396,6,-27.494857652143615
COSMOS 2251 DEB,1993-036BVX,2024-10-06T05:17:26.094624,-1530.509349374609,1817.1612962033048,-6659.428646240165,6,-27.016939019246472
COSMOS 2251 DEB,1993-036BVZ,2024-09-29T19:07:53.084352,-1910.0789485759547,-870.4023294914197,-6737.674604856608,6,-27.311120635346086
COSMOS 2251 DEB,1993-036BWA,2024-10-04T06:16:03.260640,1363.8707859676458,-3772.4594332092197,5736.2182846628975,3,-27.602395862642872
COSMOS 2251 DEB,1993-036BWB,2024-10-03T19:11:31.554528,1146.293726711814,3154.062343626181,-6133.914915837086,2,-27.46428478040727
COSMOS 2251 DEB,1993-036BWC,2024-10-03T16:08:47.211360,-1642.3196553405376,1167.32836120888,-6598.3517372752085,6,-27.007792506115344
COSMOS 2251 DEB,1993-036BWF,2024-10-04T16:28:56.288640,1875.115232056468,500.94499834406463,6714.108787198355,3,-27.3795019779336
COSMOS 2251 DEB,1993-036BWG,2024-10-04T00:09:43.297632,3665.388256133886,-394.6762148433563,-6100.071693478948,2,-27.612228125328357
COSMOS 2251 DEB,1993-036BWM,2024-10-05T09:18:42.259104,655.5132996764452,-3734.612686359501,5966.180335912817,3,-27.539459443214525
COSMOS 2251 DEB,1993-036BWP,2024-10-01T17:57:35.407008,5730.947329860993,664.7238579993455,-4151.182758563848,4,-27.886402861098055
COSMOS 2251 DEB,1993-036BWT,2024-10-06T00:34:12.508032,6423.078048702151,-1868.6869056594808,2437.944804439872,25,-28.0163217184556
COSMOS 2251 DEB,1993-036BWU,2024-09-28T20:48:45.103680,-862.7868070909077,-6391.0455525191,2920.119405855624,-1,-28.43765937214497
COSMOS 2251 DEB,1993-036BWW,2024-10-03T04:42:14.312736,3010.212231794484,4790.904339602792,-4616.715517338403,-1,-28.56837743305126
COSMOS 2251 DEB,1993-036BWZ,2024-10-04T03:13:48.848160,4236.905416089286,5184.726694471497,-2492.7128834985765,-1,-28.591091952661515
COSMOS 2251 DEB,1993-036BXC,2024-10-04T04:03:03.011904,-1129.6225486537899,-4103.272405524427,-5750.500387644672,23,-27.929147375321406
COSMOS 2251 DEB,1993-036BXF,2024-10-05T02:24:37.156320,6078.105944096576,105.68004519265732,-4641.039830306592,4,-28.100448535980654
COSMOS 2251 DEB,1993-036BXG,2024-10-03T02:26:34.279296,-3721.64213033124,-5675.107077863384,-2168.2915808657876,-1,-28.695520640405448
COSMOS 2251 DEB,1993-036BXH,2024-10-01T15:56:49.104672,4639.427119899842,4917.3277604845825,2330.9224227440027,7,-27.9123339108354
COSMOS 2251 DEB,1993-036BXP,2024-10-06T00:58:51.670848,5017.353793026459,1137.8715303853805,-4747.575850313812,4,-28.00181079530092
COSMOS 2251 DEB,1993-036BXR,2024-10-04T13:43:16.253760,-3486.6383032611225,2174.8095714971596,5698.818526996229,-1,-28.00387384989954
COSMOS 2251 DEB,1993-036BXS,2024-09-26T18:11:49.247232,2029.0705369127536,-163.5356902944318,-6862.0237194217125,2,-27.327574450000213
COSMOS 2251 DEB,1993-036BXY,2024-10-05T08:00:08.714880,-1828.0947841681718,5920.851436753287,3462.508407419506,5,-27.877874690002244
COSMOS 2251 DEB,1993-036BYA,2024-10-04T00:36:59.215104,6110.319611251835,-1120.7147774664538,3216.061837797355,25,-28.066814761858097
COSMOS 2251 DEB,1993-036BYD,2024-10-06T03:34:37.016256,3981.3880583672117,2632.996850237301,5524.356273329379,3,-27.772948548903585
COSMOS 2251 DEB,1993-036BYE,2024-10-01T00:07:55.128288,-1503.4024265509952,1591.77944230025,6760.895962025975,3,-27.52381168920239
COSMOS 2251 DEB,1993-036BYJ,2024-10-04T15:39:55.154880,6139.639957169153,3008.253631751294,1667.9203052528278,1,-28.17384106310871
COSMOS 2251 DEB,1993-036BYP,2024-10-05T16:58:19.634016,5995.57631420545,1047.0890833771978,-3761.2049080367487,4,-27.998698193977603
